DL,M,om_lambdas,theta,comoving_lens,exit_rhs,enter_phis,om_ks,raw_rs,om_k
1047.8655439063066,4.776409591704472e-07,0.0,4.84813681109536e-06,1571.7983158594598,1.7328336943570228,0.002562577498931549,0.0,20.521521609026447,0.0
1052.2377477006114,4.776409591704472e-07,0.02020408163265306,4.84813681109536e-06,1578.3566215509172,1.7446630435096993,0.0025564060874985867,0.0,20.694280375965963,0.0
1056.6788732456732,4.776409591704472e-07,0.04040816326530612,4.84813681109536e-06,1585.01830986851,1.7568222397371027,0.0025499927065477314,0.0,20.870513489917087,0.0
1061.1909261863107,4.776409591704472e-07,0.06061224489795918,4.84813681109536e-06,1591.786389279466,1.7693277223171544,0.0025433257693383516,0.0,21.050336425517923,0.0
1065.7759992205606,4.776409591704472e-07,0.08081632653061224,4.84813681109536e-06,1598.663998830841,1.782197126534938,0.0025363929271254096,0.0,21.233870193226206,0.0
1070.4362771873268,4.776409591704472e-07,0.1010204081632653,4.84813681109536e-06,1605.6544157809901,1.7954493993237728,0.0025291809970913407,0.0,21.421241319575905,0.0
1075.174042531168,4.776409591704472e-07,0.12122448979591836,4.84813681109536e-06,1612.7610637967518,1.8091049289840826,0.0025216759021845173,0.0,21.612582963390242,0.0
1079.9916811783362,4.776409591704472e-07,0.14142857142857143,4.84813681109536e-06,1619.9875217675042,1.8231856910562603,0.002513862573298835,0.0,21.80803433254921,0.0
1084.891688861826,4.776409591704472e-07,0.16163265306122448,4.84813681109536e-06,1627.337533292739,1.8377154128090682,0.0025057248765861296,0.0,22.007742160053287,0.0
1089.8766779373207,4.776409591704472e-07,0.18183673469387754,4.84813681109536e-06,1634.815016905981,1.8527197592075169,0.0024972454961145227,0.0,22.211860174677984,0.0
1094.949384736556,4.776409591704472e-07,0.2020408163265306,4.84813681109536e-06,1642.4240771048342,1.8682265438010885,0.0024884058315747352,0.0,22.420550231864937,0.0
1100.1126775098658,4.776409591704472e-07,0.22224489795918367,4.84813681109536e-06,1650.1690162647985,1.8842659685856022,0.0024791858689287355,0.0,22.633982686359314,0.0
1105.369565015593,4.776409591704472e-07,0.24244897959183673,4.84813681109536e-06,1658.0543475233894,1.9008708976939168,0.0024695640398892187,0.0,22.852337094353388,0.0
1110.7232058207699,4.776409591704472e-07,0.2626530612244898,4.84813681109536e-06,1666.084808731155,1.9180771707349122,0.002459517053040742,0.0,23.07580230523511,0.0
1116.1769183850927,4.776409591704472e-07,0.28285714285714286,4.84813681109536e-06,1674.2653775776391,1.9359239627947362,0.0024490197276778405,0.0,23.304578149233883,0.0
1121.7341920088975,4.776409591704472e-07,0.3030612244897959,4.84813681109536e-06,1682.6012880133462,1.9544541995854012,0.0024380447710560336,0.0,23.53887509315122,0.0
1127.3986987357405,4.776409591704472e-07,0.32326530612244897,4.84813681109536e-06,1691.0980481036106,1.9737150380712232,0.0024265625551259202,0.0,23.778915791377145,0.0
1133.1743063114948,4.776409591704472e-07,0.34346938775510205,4.84813681109536e-06,1699.7614594672423,1.9937584252122063,0.0024145408494437182,0.0,24.02493604781375,0.0
1139.0650923148467,4.776409591704472e-07,0.3636734693877551,4.84813681109536e-06,1708.5976384722699,2.0146417503753065,0.0024019445032231364,0.0,24.277185039627096,0.0
1145.0753595889441,4.776409591704472e-07,0.38387755102040816,4.84813681109536e-06,1717.6130393834162,2.036428610663665,0.0023887351062520123,0.0,24.535927383689064,0.0
1151.2096531211057,4.776409591704472e-07,0.4040816326530612,4.84813681109536e-06,1726.8144796816584,2.0591897131555563,0.0023748705679173445,0.0,24.80144343025194,0.0
1157.4727785372656,4.776409591704472e-07,0.42428571428571427,4.84813681109536e-06,1736.2091678058985,2.0830039441426815,0.0023603046506205667,0.0,25.074031083332756,0.0
1163.8698224007333,4.776409591704472e-07,0.44448979591836735,4.84813681109536e-06,1745.8047336010998,2.1079596434084893,0.002344986420255882,0.0,25.354007493597592,0.0
1170.4061745314157,4.776409591704472e-07,0.4646938775510204,4.84813681109536e-06,1755.6092617971235,2.134156131958181,0.002328859584961414,0.0,25.64170964625673,0.0
1177.0875525925915,4.776409591704472e-07,0.48489795918367345,4.84813681109536e-06,1765.6313288888873,2.16170555541427,0.0023118617457222887,0.0,25.937497176004864,0.0
1183.9200292284158,4.776409591704472e-07,0.5051020408163265,4.84813681109536e-06,1775.8800438426238,2.1907351236406054,0.002293923486857559,0.0,26.241753997992344,0.0
1190.9100620776592,4.776409591704472e-07,0.5253061224489796,4.84813681109536e-06,1786.3650931164887,2.2213898519931736,0.002274967287517773,0.0,26.5548897541522,0.0
1198.0645270388527,4.776409591704472e-07,0.5455102040816326,4.84813681109536e-06,1797.096790558279,2.2538359434767266,0.0022549062419842635,0.0,26.877343552614903,0.0
1205.390755220623,4.776409591704472e-07,0.5657142857142857,4.84813681109536e-06,1808.0861328309347,2.2882649979256424,0.0022336424774882626,0.0,27.209585548574147,0.0
1212.8965740803153,4.776409591704472e-07,0.5859183673469388,4.84813681109536e-06,1819.3448611204728,2.3248992999196574,0.0022110652442041867,0.0,27.552120111921482,0.0
1220.5903533363469,4.776409591704472e-07,0.6061224489795918,4.84813681109536e-06,1830.8855300045202,2.363998530348116,0.002187048568240373,0.0,27.90548963117291,0.0
1228.4810563378985,4.776409591704472e-07,0.6263265306122449,4.84813681109536e-06,1842.7215845068479,2.4058683810304395,0.002161448330012426,0.0,28.270278266557547,0.0
1236.5782976930539,4.776409591704472e-07,0.6465306122448979,4.84813681109536e-06,1854.867446539581,2.4508717492687238,0.002134098590106384,0.0,28.64711546504099,0.0
1244.8924080977972,4.776409591704472e-07,0.666734693877551,4.84813681109536e-06,1867.3386121466958,2.499443484612591,0.0021048069442667207,0.0,29.036681564247804,0.0
1253.4345074788687,4.776409591704472e-07,0.6869387755102041,4.84813681109536e-06,1880.1517612183031,2.552110111290234,0.002073348532554121,0.0,29.439712799878063,0.0
1262.2165877705006,4.776409591704472e-07,0.7071428571428571,4.84813681109536e-06,1893.324881655751,2.609516655080374,0.0020394582345519747,0.0,29.85700809510877,0.0
1271.251606897445,4.776409591704472e-07,0.7273469387755102,4.84813681109536e-06,1906.8774103461676,2.6724638346027634,0.0020028202983464406,0.0,30.28943513587731,0.0
1280.55359584609,4.776409591704472e-07,0.7475510204081632,4.84813681109536e-06,1920.830393769135,2.741960745037091,0.0019630543484167803,0.0,30.73793911934562,0.0
1290.1377810867273,4.776409591704472e-07,0.7677551020408163,4.84813681109536e-06,1935.206671630091,2.819301350174355,0.0019196960638816192,0.0,31.203552038873863,0.0
1300.0207250826809,4.776409591704472e-07,0.7879591836734694,4.84813681109536e-06,1950.0310876240212,2.90617874846855,0.0018721698473988591,0.0,31.6874033008397,0.0
1310.220488211491,4.776409591704472e-07,0.8081632653061224,4.84813681109536e-06,1965.3307323172367,3.0048616381418625,0.0018197490415404005,0.0,32.19073215849461,0.0
1320.756816163386,4.776409591704472e-07,0.8283673469387755,4.84813681109536e-06,1981.135224245079,3.1184777869353217,0.0017614960061581113,0.0,32.714901619442756,0.0
1331.6513578177435,4.776409591704472e-07,0.8485714285714285,4.84813681109536e-06,1997.477036726615,3.251491517072474,0.001696168108363836,0.0,33.26141639349434,0.0
1342.9279197894539,4.776409591704472e-07,0.8687755102040816,4.84813681109536e-06,2014.3918796841808,3.410556314713018,0.0016220625504992324,0.0,33.83194157470564,0.0
1354.61276536592,4.776409591704472e-07,0.8889795918367347,4.84813681109536e-06,2031.91914804888,3.606153628729784,0.0015367435014510885,0.0,34.428326668790895,0.0
1366.7349675339844,4.776409591704472e-07,0.9091836734693878,4.84813681109536e-06,2050.1024513009766,3.8560610543593117,0.0014365207339085797,0.0,35.052633122613614,0.0
1379.3268283797272,4.776409591704472e-07,0.9293877551020407,4.84813681109536e-06,2068.990242569591,4.193727974763534,0.0013153341565118036,0.0,35.707167218259094,0.0
1392.424380550393,4.776409591704472e-07,0.9495918367346938,4.84813681109536e-06,2088.6365708255894,4.692856579411092,0.0011619374301745252,0.0,36.39452021836188,0.0
1406.0679910053516,4.776409591704472e-07,0.9697959183673469,4.84813681109536e-06,2109.1019865080275,5.567537950554197,0.0009505514793584429,0.0,37.117615092328826,0.0
1420.3030933954535,4.776409591704472e-07,0.99,4.84813681109536e-06,2130.4546400931804,8.0524198582014,0.0005840799905023243,0.0,37.879763662328095,0.0
1047.8781870731107,4.776409591704472e-07,0.0,4.84813681109536e-06,1571.817280609666,1.7328979019843014,0.0025625088063280527,0.00011111111111111112,20.5220221764085,0.00011111111111111112
1052.2505847405653,4.776409591704472e-07,0.02020408163265306,4.84813681109536e-06,1578.3758771108478,1.7447290227423438,0.0025563357767283443,0.00011111111111111112,20.69479076047795,0.00011111111111111112
1056.6919096844524,4.776409591704472e-07,0.04040816326530612,4.84813681109536e-06,1585.0378645266787,1.7568900779261774,0.0025499207107525495,0.00011111111111111112,20.871034026753875,0.00011111111111111112
1061.2041677853442,4.776409591704472e-07,0.06061224489795918,4.84813681109536e-06,1591.8062516780165,1.769397513100094,0.0025432520188232244,0.00011111111111111112,21.050867539308975,0.00011111111111111112
1065.7894519906038,4.776409591704472e-07,0.08081632653061224,4.84813681109536e-06,1598.6841779859058,1.78226897043599,0.002536317343431541,0.00011111111111111112,21.234412078107617,0.00011111111111111112
1070.4499474030267,4.776409591704472e-07,0.1010204081632653,4.84813681109536e-06,1605.67492110454,1.7955234044267823,0.002529103501936291,0.00011111111111111112,21.421794476133147,0.00011111111111111112
1075.1879367467102,4.776409591704472e-07,0.12122448979591836,4.84813681109536e-06,1612.7819051200654,1.8091812116863133,0.0025215964070290724,0.00011111111111111112,21.61314761696973,0.00011111111111111112
1080.0058062442702,4.776409591704472e-07,0.14142857142857143,4.84813681109536e-06,1620.0087093664051,1.8232643769264427,0.002513780990795505,0.00011111111111111112,21.80861114042443,0.00011111111111111112
1084.9060519431794,4.776409591704472e-07,0.16163265306122448,4.84813681109536e-06,1627.3590779147692,1.8377966375424686,0.0025056411056638,0.00011111111111111112,22.008331351138843,0.00011111111111111112
1089.8912865331204,4.776409591704472e-07,0.18183673469387754,4.84813681109536e-06,1634.8369297996805,1.852803669715731,0.002497159432229086,0.00011111111111111112,22.212462199870604,0.00011111111111111112
1094.9642467008923,4.776409591704472e-07,0.2020408163265306,4.84813681109536e-06,1642.4463700513386,1.8683132994498992,0.002488317363696488,0.00011111111111111112,22.421165627666653,0.00011111111111111112
1100.127801074649,4.776409591704472e-07,0.22224489795918367,4.84813681109536e-06,1650.1917016119733,1.8843557426010709,0.002479094877577221,0.00011111111111111112,22.634612000605248,0.00011111111111111112
1105.3849588151636,4.776409591704472e-07,0.24244897959183673,4.84813681109536e-06,1658.0774382227453,1.900963878772458,0.0024694703927360413,0.00011111111111111112,22.85298065448384,0.00011111111111111112
1110.7388789185547,4.776409591704472e-07,0.2626530612244898,4.84813681109536e-06,1666.1083183778321,1.9181735648890812,0.002459420613528654,0.00011111111111111112,23.076460834498263,0.00011111111111111112
1116.19288030251,4.776409591704472e-07,0.28285714285714286,4.84813681109536e-06,1674.289320453765,1.9360239954770107,0.002448920344701891,0.00011111111111111112,23.305252169986318,0.00011111111111111112
1121.7504527567464,4.776409591704472e-07,0.3030612244897959,4.84813681109536e-06,1682.6256791351195,1.9545581181407032,0.0024379422815205424,0.00011111111111111112,23.53956516882251,0.00011111111111111112
1127.4152688483334,4.776409591704472e-07,0.32326530612244897,4.84813681109536e-06,1691.1229032725003,1.9738231145860565,0.00242645678658449,0.00011111111111111112,23.779622804741074,0.00011111111111111112
1133.1911968838297,4.776409591704472e-07,0.34346938775510205,4.84813681109536e-06,1699.7867953257444,1.9938709598310573,0.0024144316061641,0.00011111111111111112,24.025660352938605,0.00011111111111111112
1139.082315043149,4.776409591704472e-07,0.3636734693877551,4.84813681109536e-06,1708.6234725647237,2.014759075179059,0.002401831581915663,0.00011111111111111112,24.27792767369483,0.00011111111111111112
1145.0929268149569,4.776409591704472e-07,0.38387755102040816,4.84813681109536e-06,1717.6393902224352,2.0365510942364673,0.0023886182758268136,0.00011111111111111112,24.536688795441137,0.00011111111111111112
1151.227577880545,4.776409591704472e-07,0.4040816326530612,4.84813681109536e-06,1726.8413668208173,2.059317765975137,0.002374749582372975,0.00011111111111111112,24.802224562159655,0.00011111111111111112
1157.4910746129347,4.776409591704472e-07,0.42428571428571427,4.84813681109536e-06,1736.236611919402,2.083138024993251,0.002360179240102034,0.00011111111111111112,25.074832942160633,0.00011111111111111112
1163.8885043808357,4.776409591704472e-07,0.44448979591836735,4.84813681109536e-06,1745.8327565712534,2.1081002670357143,0.002344856282927694,0.00011111111111111112,25.35483078105397,0.00011111111111111112
1170.4252578736978,4.776409591704472e-07,0.4646938775510204,4.84813681109536e-06,1755.6378868105467,2.1343038782838955,0.002328724393704496,0.00011111111111111112,25.642555547224227,0.00011111111111111112
1177.107053695028,4.776409591704472e-07,0.48489795918367345,4.84813681109536e-06,1765.6605805425422,2.161861080684643,0.002311721135485793,0.00011111111111111112,25.938366748098378,0.00011111111111111112
1183.9399655072668,4.776409591704472e-07,0.5051020408163265,4.84813681109536e-06,1775.9099482609001,2.1908991740245463,0.0022937770477620407,0.00011111111111111112,26.242648034768685,0.00011111111111111112
1190.9304520538365,4.776409591704472e-07,0.5253061224489796,4.84813681109536e-06,1786.3956780807548,2.221563280282534,0.0022748145722025995,0.00011111111111111112,26.555809879783737,0.00011111111111111112
1198.085390433693,4.776409591704472e-07,0.5455102040816326,4.84813681109536e-06,1797.1280856505396,2.254019729778081,0.0022547467397744524,0.00011111111111111112,26.87829077363345,0.00011111111111111112
1205.4121130623278,4.776409591704472e-07,0.5657142857142857,4.84813681109536e-06,1808.1181695934915,2.2884602755295838,0.002233475616099513,0.00011111111111111112,27.21056113433084,0.00011111111111111112
1212.9184488225235,4.776409591704472e-07,0.5859183673469388,4.84813681109536e-06,1819.3776732337853,2.3251073879510646,0.0022108903798631428,0.00011111111111111112,27.553125740473018,0.00011111111111111112
1220.612768990552,4.776409591704472e-07,0.6061224489795918,4.84813681109536e-06,1830.919153485828,2.364220975425276,0.0021868649652249197,0.00011111111111111112,27.906526855284042,0.00011111111111111112
1228.5040386217008,4.776409591704472e-07,0.6263265306122449,4.84813681109536e-06,1842.7560579325511,2.406107011045832,0.0021612551456103584,0.00011111111111111112,28.27134872336116,0.00011111111111111112
1236.6018741965997,4.776409591704472e-07,0.6465306122448979,4.84813681109536e-06,1854.9028112948995,2.4511287437208105,0.0021338948538505015,0.00011111111111111112,28.648221002647748,0.00011111111111111112
1244.9166084711574,4.776409591704472e-07,0.666734693877551,4.84813681109536e-06,1867.374912706736,2.4997214678953954,0.0021045915277385576,0.00011111111111111112,29.037824073867874,0.00011111111111111112
1253.4593636436266,4.776409591704472e-07,0.6869387755102041,4.84813681109536e-06,1880.18904546544,2.552412278444173,0.0020731201176639458,0.00011111111111111112,29.440894679008913,0.00011111111111111112
1262.2421341594224,4.776409591704472e-07,0.7071428571428571,4.84813681109536e-06,1893.3632012391336,2.609846944321101,0.0020392152569251028,0.00011111111111111112,29.858231462099056,0.00011111111111111112
1271.2778807268653,4.776409591704472e-07,0.7273469387755102,4.84813681109536e-06,1906.9168210902978,2.6728271688599996,0.002002560890812638,0.00011111111111111112,30.290702585818753,0.00011111111111111112
1280.5806374265544,4.776409591704472e-07,0.7475510204081632,4.84813681109536e-06,1920.8709561398316,2.74236337792383,0.001962776248398027,0.00011111111111111112,30.739253289201663,0.00011111111111111112
1290.1656341785772,4.776409591704472e-07,0.7677551020408163,4.84813681109536e-06,1935.2484512678657,2.819751374719574,0.0019193964953908452,0.00011111111111111112,31.204916110100342,0.00011111111111111112
1300.0494373046747,4.776409591704472e-07,0.7879591836734694,4.84813681109536e-06,1950.0741559570122,2.906686868308604,0.001871845339571935,0.00011111111111111112,31.688820485588035,0.00011111111111111112
1310.250111512322,4.776409591704472e-07,0.8081632653061224,4.84813681109536e-06,1965.3751672684832,3.0054423791424583,0.0018193951706381034,0.00011111111111111112,32.192205991061336,0.00011111111111111112
1320.7874073681803,4.776409591704472e-07,0.8283673469387755,4.84813681109536e-06,1981.1811110522704,3.1191514836010996,0.0017611069976118084,0.00011111111111111112,32.71643623800557,0.00011111111111111112
1331.6829792644332,4.776409591704472e-07,0.8485714285714285,4.84813681109536e-06,1997.52446889665,3.252287741880492,0.001695736189499113,0.00011111111111111112,33.26301607142508,0.00011111111111111112
1342.9606400735272,4.776409591704472e-07,0.8687755102040816,4.84813681109536e-06,2014.4409601102907,3.411520190321727,0.0016215768631441432,0.00011111111111111112,33.83361115071043,0.00011111111111111112
1354.6466602166738,4.776409591704472e-07,0.8889795918367347,4.84813681109536e-06,2031.9699903250107,3.607358436153806,0.00153618811392929,0.00011111111111111112,34.43007157870101,0.00011111111111111112
1366.7701208514281,4.776409591704472e-07,0.9091836734693878,4.84813681109536e-06,2050.155181277142,3.857636296796638,0.0014358706648968482,0.00011111111111111112,35.05445954012446,0.00011111111111111112
1379.363333469171,4.776409591704472e-07,0.9293877551020407,4.84813681109536e-06,2069.0450002037564,4.195932043070085,0.0013145463113995543,0.00011111111111111112,35.709081672447006,0.00011111111111111112
1392.4623416021977,4.776409591704472e-07,0.9495918367346938,4.84813681109536e-06,2088.6935124032966,4.696313400208627,0.001160925513961306,0.00011111111111111112,36.39653039643856,0.00011111111111111112
1406.1075248812879,4.776409591704472e-07,0.9697959183673469,4.84813681109536e-06,2109.161287321932,5.574390586234167,0.0009490886144584086,0.00011111111111111112,37.1197296913262,0.00011111111111111112
1420.3443318020347,4.776409591704472e-07,0.99,4.84813681109536e-06,2130.516497703052,8.082522910427906,0.0005809279160645315,0.00011111111111111112,37.881992078922536,0.00011111111111111112
1047.890830771831,4.776409591704472e-07,0.0,4.84813681109536e-06,1571.8362461577462,1.7329621191279763,0.002562440104831853,0.00022222222222222223,20.522522782597516,0.00022222222222222223
1052.2634223273822,4.776409591704472e-07,0.02020408163265306,4.84813681109536e-06,1578.3951334910732,1.7447950119561921,0.002556265456099573,0.00022222222222222223,20.69530115076318,0.00022222222222222223
1056.7049466856708,4.776409591704472e-07,0.04040816326530612,4.84813681109536e-06,1585.0574200285064,1.756957926594294,0.0025498487064326805,0.00022222222222222223,20.871554667062384,0.00022222222222222223
1061.2174099630586,4.776409591704472e-07,0.06061224489795918,4.84813681109536e-06,1591.826114944588,1.769467314895921,0.0025431782552979595,0.00022222222222222223,21.051398524041268,0.00022222222222222223
1065.8029053562736,4.776409591704472e-07,0.08081632653061224,4.84813681109536e-06,1598.7043580344105,1.7823408259228206,0.00253624174863595,0.00022222222222222223,21.23495396858683,0.00022222222222222223
1070.4636182320437,4.776409591704472e-07,0.1010204081632653,4.84813681109536e-06,1605.6954273480656,1.7955974217307198,0.002529025994505666,0.00022222222222222223,21.422347596358836,0.00022222222222222223
1075.2018315940488,4.776409591704472e-07,0.12122448979591836,4.84813681109536e-06,1612.8027473910734,1.8092575072570691,0.0025215169019467774,0.00022222222222222223,21.61371240379301,0.00022222222222222223
1080.0199319613173,4.776409591704472e-07,0.14142857142857143,4.84813681109536e-06,1620.0298979419758,1.8233430763819292,0.002513699394398073,0.00022222222222222223,21.80918787492518,0.00022222222222222223
1084.9204156958501,4.776409591704472e-07,0.16163265306122448,4.84813681109536e-06,1627.380623543775,1.8378778766366837,0.0025055573206995336,0.00022222222222222223,22.008920493115607,0.00022222222222222223
1089.9058958213852,4.776409591704472e-07,0.18183673469387754,4.84813681109536e-06,1634.858843732078,1.8528875954266406,0.0024970733546163678,0.00022222222222222223,22.213064232238434,0.00022222222222222223
1094.9791093798458,4.776409591704472e-07,0.2020408163265306,4.84813681109536e-06,1642.4686640697687,1.8684000712146323,0.0024882288812588505,0.00022222222222222223,22.421781018762935,0.00022222222222222223
1100.1429253772683,4.776409591704472e-07,0.22224489795918367,4.84813681109536e-06,1650.2143880659023,1.8844455337267667,0.002479003870390133,0.00022222222222222223,22.635241272476055,0.00022222222222222223
1105.400353376926,4.776409591704472e-07,0.24244897959183673,4.84813681109536e-06,1658.100530065389,1.901056878045421,0.0024693767312824184,0.00022222222222222223,22.853624319411754,0.00022222222222222223
1110.7545528041007,4.776409591704472e-07,0.2626530612244898,4.84813681109536e-06,1666.1318292061512,1.918269978422343,0.0024593241585673517,0.00022222222222222223,23.07711944679165,0.00022222222222222223
1116.2088430345534,4.776409591704472e-07,0.28285714285714286,4.84813681109536e-06,1674.3132645518301,1.9361240488357898,0.0024488209447947216,0.00022222222222222223,23.3059262332019,0.00022222222222222223
1121.7667143474703,4.776409591704472e-07,0.3030612244897959,4.84813681109536e-06,1682.6500715212055,1.9546620587994286,0.0024378397761996053,0.00022222222222222223,23.540255428475255,0.00022222222222222223
1127.4318398335306,4.776409591704472e-07,0.32326530612244897,4.84813681109536e-06,1691.147759750296,1.9739312147764747,0.002426350997592618,0.00022222222222222223,23.780329752403546,0.00022222222222222223
1133.208088360085,4.776409591704472e-07,0.34346938775510205,4.84813681109536e-06,1699.8121325401275,1.9939835198593094,0.0024143223441322917,0.00022222222222222223,24.026384786402375,0.00022222222222222223
1139.0995387083906,4.776409591704472e-07,0.3636734693877551,4.84813681109536e-06,1708.649308062586,2.014876427315994,0.0024017186373676554,0.00022222222222222223,24.27867020303817,0.00022222222222222223
1145.110495012754,4.776409591704472e-07,0.38387755102040816,4.84813681109536e-06,1717.6657425191308,2.0366736072793836,0.0023885014240703512,0.00022222222222222223,24.537450332101713,0.00022222222222222223
1151.24550364858,4.776409591704472e-07,0.4040816326530612,4.84813681109536e-06,1726.8682554728703,2.0594458506505466,0.002374628574793581,0.00022222222222222223,24.803005873082842,0.00022222222222222223
1157.5093717361285,4.776409591704472e-07,0.42428571428571427,4.84813681109536e-06,1736.2640576041927,2.0832721403696572,0.002360053805302107,0.00022222222222222223,25.07563493074175,0.00022222222222222223
1163.9071874496738,4.776409591704472e-07,0.44448979591836735,4.84813681109536e-06,1745.8607811745107,2.108240928191281,0.002344726120101307,0.00022222222222222223,25.355654237372388,0.00022222222222222223
1170.4443423483917,4.776409591704472e-07,0.4646938775510204,4.84813681109536e-06,1755.6665135225876,2.1344516655268184,0.002328589174240505,0.00022222222222222223,25.64340155582249,0.00022222222222222223
1177.1265559762203,4.776409591704472e-07,0.48489795918367345,4.84813681109536e-06,1765.6898339643305,2.16201665071817,0.002311580492093846,0.00022222222222222223,25.939236204514852,0.00022222222222222223
1183.9599030141069,4.776409591704472e-07,0.5051020408163265,4.84813681109536e-06,1775.9398545211602,2.191063273552916,0.002293630578478184,0.00022222222222222223,26.24354237626957,0.00022222222222222223
1190.9508433103717,4.776409591704472e-07,0.5253061224489796,4.84813681109536e-06,1786.4262649655575,2.221736762736398,0.0022746618196702634,0.00022222222222222223,26.556729953737698,0.00022222222222222223
1198.1062551646703,4.776409591704472e-07,0.5455102040816326,4.84813681109536e-06,1797.1593827470053,2.2542035760330568,0.0022545871979629045,0.00022222222222222223,26.87923798483073,0.00022222222222222223
1205.433472299662,4.776409591704472e-07,0.5657142857142857,4.84813681109536e-06,1808.1502084494932,2.2886556198010792,0.0022333087154596362,0.00022222222222222223,27.211537015912604,0.00022222222222222223
1212.9403250239068,4.776409591704472e-07,0.5859183673469388,4.84813681109536e-06,1819.4104875358603,2.3253155504911596,0.0022107154708950914,0.00022222222222222223,27.554131526679797,0.00022222222222222223
1220.6351861719095,4.776409591704472e-07,0.6061224489795918,4.84813681109536e-06,1830.9527792578642,2.364443504240626,0.002186681313941388,0.00022222222222222223,27.90756429156734,0.00022222222222222223
1228.5270225054908,4.776409591704472e-07,0.6263265306122449,4.84813681109536e-06,1842.7905337582363,2.4063457357516334,0.002161061907356725,0.00022222222222222223,28.27241933090822,0.00022222222222222223
1236.6254523783025,4.776409591704472e-07,0.6465306122448979,4.84813681109536e-06,1854.9381785674536,2.4513858459811297,0.002133691058379915,0.00022222222222222223,28.64932671630282,0.00022222222222222223
1244.9408106067156,4.776409591704472e-07,0.666734693877551,4.84813681109536e-06,1867.4112159100732,2.499999574866072,0.002104376046624684,0.00022222222222222223,29.0389668718579,0.00022222222222222223
1253.4842216611037,4.776409591704472e-07,0.6869387755102041,4.84813681109536e-06,1880.2263324916555,2.552714588728851,0.0020728916293030223,0.00022222222222222223,29.442076738901893,0.00022222222222222223
1262.2676824987536,4.776409591704472e-07,0.7071428571428571,4.84813681109536e-06,1893.4015237481306,2.610177400814907,0.0020389721967375373,0.00022222222222222223,29.859455018513014,0.00022222222222222223
1271.3041566123406,4.776409591704472e-07,0.7273469387755102,4.84813681109536e-06,1906.956234918511,2.6731907007489495,0.002002301387721425,0.00022222222222222223,30.291970030356808,0.00022222222222222223
1280.6076811775688,4.776409591704472e-07,0.7475510204081632,4.84813681109536e-06,1920.9115217663532,2.742766247360017,0.0019624980417400563,0.00022222222222222223,30.74056768860454,0.00022222222222222223
1290.1934895653487,4.776409591704472e-07,0.7677551020408163,4.84813681109536e-06,1935.2902343480232,2.820201686676875,0.001919096804003239,0.00022222222222222223,31.206280450587105,0.00022222222222222223
1300.078151957021,4.776409591704472e-07,0.7879591836734694,4.84813681109536e-06,1950.1172279355314,2.9071953436147693,0.0018715206877939138,0.00022222222222222223,31.69023793252761,0.00022222222222222223
1310.279737391361,4.776409591704472e-07,0.8081632653061224,4.84813681109536e-06,1965.4196060870415,3.0060235692468544,0.0018190411296067285,0.00022222222222222223,32.193680180378365,0.00022222222222222223
1320.818001313047,4.776409591704472e-07,0.8283673469387755,4.84813681109536e-06,1981.2270019695707,3.1198257626561117,0.0017607177817072228,0.00022222222222222223,32.71797105746236,0.00022222222222222223
1331.714603628921,4.776409591704472e-07,0.8485714285714285,4.84813681109536e-06,1997.5719054433814,3.253084746957348,0.0016953040148871197,0.00022222222222222223,33.26461602136735,0.00022222222222222223
1342.9933634711526,4.776409591704472e-07,0.8687755102040816,4.84813681109536e-06,2014.4900452067288,3.412485156142642,0.0016210908501070914,0.00022222222222222223,33.83528101059046,0.00022222222222222223
1354.6805583973198,4.776409591704472e-07,0.8889795918367347,4.84813681109536e-06,2032.0208375959799,3.6085648547403273,0.0015356322965498204,0.00022222222222222223,34.431816969757506,0.00022222222222222223
1366.805277738724,4.776409591704472e-07,0.9091836734693878,4.84813681109536e-06,2050.207916608086,3.8592141154381876,0.0014352199915084979,0.00022222222222222223,35.056286219415185,0.00022222222222222223
1379.3998423956684,4.776409591704472e-07,0.9293877551020407,4.84813681109536e-06,2069.0997635935028,4.198140750230114,0.0013137575481810067,0.00022222222222222223,35.7109966420998,0.00022222222222222223
1392.5003067898497,4.776409591704472e-07,0.9495918367346938,4.84813681109536e-06,2088.7504601847745,4.69978042387657,0.001159911985723011,0.00022222222222222223,36.39854108250173,0.00022222222222222223
1406.1470632287253,4.776409591704472e-07,0.9697959183673469,4.84813681109536e-06,2109.220594843088,5.581277063658044,0.0009476219606990145,0.00022222222222222223,37.121844778454125,0.00022222222222222223
1420.3855750590628,4.776409591704472e-07,0.99,4.84813681109536e-06,2130.5783625885942,8.113080792823196,0.0005777517136921371,0.00022222222222222223,37.88422121265764,0.00022222222222222223
1047.9034750025073,4.776409591704472e-07,0.0,4.84813681109536e-06,1571.855212503761,1.7330263457924018,0.0025623713919521156,0.0003333333333333334,20.523023290178788,0.0003333333333333334
1052.2762604611032,4.776409591704472e-07,0.02020408163265306,4.84813681109536e-06,1578.4143906916547,1.744861011153449,0.0025561951276983764,0.0003333333333333334,20.695811663705186,0.0003333333333333334
1056.7179842493717,4.776409591704472e-07,0.04040816326530612,4.84813681109536e-06,1585.0769763740577,1.7570257857445748,0.002549776690882101,0.0003333333333333334,20.872075257626847,0.0003333333333333334
1061.2306527194994,4.776409591704472e-07,0.06061224489795918,4.84813681109536e-06,1591.845979079249,1.76953712770678,0.00254310448282215,0.0003333333333333334,21.05192961286155,0.0003333333333333334
1065.8163593176166,4.776409591704472e-07,0.08081632653061224,4.84813681109536e-06,1598.724538976425,1.782412692997963,0.002536166143675311,0.0003333333333333334,21.235495919268292,0.0003333333333333334
1070.4772896744264,4.776409591704472e-07,0.1010204081632653,4.84813681109536e-06,1605.7159345116395,1.7956714512409602,0.0025289484765709325,0.0003333333333333334,21.4229007850637,0.0003333333333333334
1075.2157270732353,4.776409591704472e-07,0.12122448979591836,4.84813681109536e-06,1612.823590609853,1.809333815697836,0.0025214373843579926,0.0003333333333333334,21.614277169751457,0.0003333333333333334
1080.0340583295308,4.776409591704472e-07,0.14142857142857143,4.84813681109536e-06,1620.051087494296,1.823421789426183,0.002513617785764693,0.0003333333333333334,21.809764636552412,0.0003333333333333334
1084.9347801198946,4.776409591704472e-07,0.16163265306122448,4.84813681109536e-06,1627.402170179842,1.837959130096751,0.002505473523622483,0.0003333333333333334,22.00950970469415,0.0003333333333333334
1089.920505802175,4.776409591704472e-07,0.18183673469387754,4.84813681109536e-06,1634.8807587032625,1.8529715363447559,0.0024969872649098853,0.0003333333333333334,22.21366637367679,0.0003333333333333334
1094.9939727734784,4.776409591704472e-07,0.2020408163265306,4.84813681109536e-06,1642.4909591602175,1.868486859101072,0.002488140386823832,0.0003333333333333334,22.422396567174104,0.0003333333333333334
1100.1580504177875,4.776409591704472e-07,0.22224489795918367,4.84813681109536e-06,1650.2370756266812,1.8845353419685495,0.002478912849210828,0.0003333333333333334,22.63587062028215,0.0003333333333333334
1105.415748700949,4.776409591704472e-07,0.24244897959183673,4.84813681109536e-06,1658.1236230514235,1.9011498955184227,0.0024692830541907934,0.0003333333333333334,22.854268002433006,0.0003333333333333334
1110.77022747748,4.776409591704472e-07,0.2626530612244898,4.84813681109536e-06,1666.1553412162198,1.9183664113417453,0.0024592276876685914,0.0003333333333333334,23.077778110285728,0.0003333333333333334
1116.2248065812978,4.776409591704472e-07,0.28285714285714286,4.84813681109536e-06,1674.3372098719467,1.9362241228791703,0.00244872152828603,0.0003333333333333334,23.30660036125406,0.0003333333333333334
1121.7829767811475,4.776409591704472e-07,0.3030612244897959,4.84813681109536e-06,1682.674465171721,1.9547660215692548,0.0024377372513207348,0.0003333333333333334,23.54094561603405,0.0003333333333333334
1127.4484116914152,4.776409591704472e-07,0.32326530612244897,4.84813681109536e-06,1691.172617537123,1.9740393386491473,0.002426245190060357,0.0003333333333333334,23.781036766241275,0.0003333333333333334
1133.2249807403489,4.776409591704472e-07,0.34346938775510205,4.84813681109536e-06,1699.8374711105234,1.994096105307121,0.0024142130629465795,0.0003333333333333334,24.02710932048004,0.0003333333333333334
1139.1167633106631,4.776409591704472e-07,0.3636734693877551,4.84813681109536e-06,1708.6751449659946,2.014993806796134,0.0024016056724110884,0.0003333333333333334,24.27941282954335,0.0003333333333333334
1145.1280641824326,4.776409591704472e-07,0.38387755102040816,4.84813681109536e-06,1717.692096273649,2.0367961498057503,0.0023883845505921725,0.0003333333333333334,24.538211966027323,0.0003333333333333334
1151.2634304253145,4.776409591704472e-07,0.4040816326530612,4.84813681109536e-06,1726.8951456379716,2.059573967195339,0.002374507542711929,0.0003333333333333334,24.80378718226301,0.0003333333333333334
1157.5276699069552,4.776409591704472e-07,0.42428571428571427,4.84813681109536e-06,1736.291504860433,2.083406290288015,0.002359928344013194,0.0003333333333333334,25.07643688485344,0.0003333333333333334
1163.9258716073625,4.776409591704472e-07,0.44448979591836735,4.84813681109536e-06,1745.8888074110437,2.1083816268923132,0.0023445959310092693,0.0003333333333333334,25.35647780496765,0.0003333333333333334
1170.4634279556194,4.776409591704472e-07,0.4646938775510204,4.84813681109536e-06,1755.695141933429,2.134599493707663,0.0023284539241871806,0.0003333333333333334,25.644247488864554,0.0003333333333333334
1177.1460594362977,4.776409591704472e-07,0.48489795918367345,4.84813681109536e-06,1765.7190891544465,2.1621722655357716,0.0023114398200513543,0.0003333333333333334,25.940105900099752,0.0003333333333333334
1183.9798417490726,4.776409591704472e-07,0.5051020408163265,4.84813681109536e-06,1775.9697626236089,2.1912274222509556,0.0022934840746013287,0.0003333333333333334,26.24443667110931,0.0003333333333333334
1190.971235847411,4.776409591704472e-07,0.5253061224489796,4.84813681109536e-06,1786.4568537711166,2.221910299385993,0.0022745090311851396,0.0003333333333333334,26.5576500801641,0.0003333333333333334
1198.1271212319402,4.776409591704472e-07,0.5455102040816326,4.84813681109536e-06,1797.1906818479104,2.2543874822756984,0.0022544276180842234,0.0003333333333333334,26.880185314761462,0.0003333333333333334
1205.454832932792,4.776409591704472e-07,0.5657142857142857,4.84813681109536e-06,1808.182249399188,2.288851030779589,0.0022331417711980825,0.0003333333333333334,27.212512825600136,0.0003333333333333334
1212.962202684644,4.776409591704472e-07,0.5859183673469388,4.84813681109536e-06,1819.4433040269657,2.325523787586735,0.002210540515278161,0.0003333333333333334,27.555137298322972,0.0003333333333333334
1220.657604880611,4.776409591704472e-07,0.6061224489795918,4.84813681109536e-06,1830.9864073209164,2.3646661168465166,0.0021864976103823817,0.0003333333333333334,27.90860159020917,0.0003333333333333334
1228.5500079894728,4.776409591704472e-07,0.6263265306122449,4.84813681109536e-06,1842.8250119842091,2.406584555212325,0.0021608686147298645,0.0003333333333333334,28.27349004488731,0.0003333333333333334
1236.6490322383809,4.776409591704472e-07,0.6465306122448979,4.84813681109536e-06,1854.9735483575714,2.4516430561301883,0.002133487202007049,0.0003333333333333334,28.65043245494051,0.0003333333333333334
1244.9650145047078,4.776409591704472e-07,0.666734693877551,4.84813681109536e-06,1867.4475217570616,2.500277805621516,0.002104160498958286,0.0003333333333333334,29.040109778510203,0.0003333333333333334
1253.5090815315536,4.776409591704472e-07,0.6869387755102041,4.84813681109536e-06,1880.2636222973306,2.553017042262891,0.0020726630659417566,0.0003333333333333334,29.443258838246717,0.0003333333333333334
1262.29323278877,4.776409591704472e-07,0.7071428571428571,4.84813681109536e-06,1893.4398491831548,2.6105080247100547,0.002038729053273495,0.0003333333333333334,29.860678700077475,0.0003333333333333334
1271.330434554168,4.776409591704472e-07,0.7273469387755102,4.84813681109536e-06,1906.995651831252,2.6735544304563903,0.0020020417925704316,0.0003333333333333334,30.293237823009342,0.0003333333333333334
1280.634727099455,4.776409591704472e-07,0.7475510204081632,4.84813681109536e-06,1920.9520906491823,2.743169353587926,0.0019622197280803064,0.0003333333333333334,30.74188228877486,0.0003333333333333334
1290.2213472473927,4.776409591704472e-07,0.7677551020408163,4.84813681109536e-06,1935.332020871089,2.8206522863673174,0.0019187969872513282,0.0003333333333333334,31.207644814566397,0.0003333333333333334
1300.1068690401014,4.776409591704472e-07,0.7879591836734694,4.84813681109536e-06,1950.1603035601522,2.9077041748206893,0.0018711958903315784,0.0003333333333333334,31.69165547086497,0.0003333333333333334
1310.309365849025,4.776409591704472e-07,0.8081632653061224,4.84813681109536e-06,1965.4640487735373,3.0066052090618545,0.0018186869152498214,0.0003333333333333334,32.195154396618435,0.0003333333333333334
1320.8485979984441,4.776409591704472e-07,0.8283673469387755,4.84813681109536e-06,1981.2728969976663,3.1205006249816734,0.001760328358208876,0.0003333333333333334,32.71950607635041,0.0003333333333333334
1331.7462309117084,4.776409591704472e-07,0.8485714285714285,4.84813681109536e-06,1997.6193463675627,3.253882533642235,0.001694871582539395,0.0003333333333333334,33.2662160517219,0.0003333333333333334
1343.0260899828838,4.776409591704472e-07,0.8687755102040816,4.84813681109536e-06,2014.5391349743259,3.4134512143350526,0.0016206045101101237,0.0003333333333333334,33.836951058107175,0.0003333333333333334
1354.7144599084718,4.776409591704472e-07,0.8889795918367347,4.84813681109536e-06,2032.0716898627077,3.6097728882637847,0.0015350760439388582,0.0003333333333333334,34.43356228119113,0.0003333333333333334
1366.8404381965547,4.776409591704472e-07,0.9091836734693878,4.84813681109536e-06,2050.260657294832,3.8607945176647194,0.0014345687109087707,0.0003333333333333334,35.05811296099857,0.0003333333333333334
1379.43635515998,4.776409591704472e-07,0.9293877551020407,4.84813681109536e-06,2069.15453273997,4.20035411335429,0.0013129678615525758,0.0003333333333333334,35.7129117574085,0.0003333333333333334
1392.5382761142,4.776409591704472e-07,0.9495918367346938,4.84813681109536e-06,2088.8074141713,4.703257703222361,0.0011588968356872407,0.0003333333333333334,36.40055177003297,0.0003333333333333334
1406.1866060486211,4.776409591704472e-07,0.9697959183673469,4.84813681109536e-06,2109.279909072932,5.588197676329499,0.0009461514915367961,0.0003333333333333334,37.12395991263373,0.0003333333333333334
1420.4268231676226,4.776409591704472e-07,0.99,4.84813681109536e-06,2130.640234751434,8.144105666016362,0.0005745509205349367,0.0003333333333333334,37.88645031417566,0.0003333333333333334
1047.91611976518,4.776409591704472e-07,0.0,4.84813681109536e-06,1571.8741796477698,1.733090581978563,0.0025623026719751828,0.00044444444444444447,20.52352393602251,0.00044444444444444447
1052.2890991417703,4.776409591704472e-07,0.02020408163265306,4.84813681109536e-06,1578.4336487126554,1.7449270203385454,0.0025561247871973723,0.00044444444444444447,20.696322057247492,0.00044444444444444447
1056.7310223755987,4.776409591704472e-07,0.04040816326530612,4.84813681109536e-06,1585.0965335633982,1.7570936553770917,0.002549704665684494,0.00044444444444444447,20.872595888086124,0.00044444444444444447
1061.2438960547108,4.776409591704472e-07,0.06061224489795918,4.84813681109536e-06,1591.8658440820664,1.7696069515360375,0.0025430307005007307,0.00044444444444444447,21.052460754474385,0.00044444444444444447
1065.8298138746807,4.776409591704472e-07,0.08081632653061224,4.84813681109536e-06,1598.744720812021,1.7824845716649056,0.002536090527321846,0.00044444444444444447,21.236037858843105,0.00044444444444444447
1070.4909617302244,4.776409591704472e-07,0.1010204081632653,4.84813681109536e-06,1605.7364425953367,1.7957454929600327,0.002528870947141179,0.00044444444444444447,21.42345398382621,0.00044444444444444447
1075.2296231843209,4.776409591704472e-07,0.12122448979591836,4.84813681109536e-06,1612.8444347764814,1.8094101370130937,0.0025213578551656914,0.00044444444444444447,21.614841968944376,0.00044444444444444447
1080.0481853489646,4.776409591704472e-07,0.14142857142857143,4.84813681109536e-06,1620.0722780234469,1.8235005160635156,0.0025135361653526494,0.00044444444444444447,21.810341453197104,0.00044444444444444447
1084.949145215369,4.776409591704472e-07,0.16163265306122448,4.84813681109536e-06,1627.4237178230537,1.8380403979260378,0.0025053897151444703,0.00044444444444444447,22.010099029639058,0.00044444444444444447
1089.935116475548,4.776409591704472e-07,0.18183673469387754,4.84813681109536e-06,1634.902674713322,1.8530554924744544,0.0024969011623708565,0.00044444444444444447,22.21426857833085,0.00044444444444444447
1095.0088368818506,4.776409591704472e-07,0.2020408163265306,4.84813681109536e-06,1642.5132553227759,1.8685736631130283,0.0024880518764324906,0.00044444444444444447,22.423012023000226,0.00044444444444444447
1100.1731761962728,4.776409591704472e-07,0.22224489795918367,4.84813681109536e-06,1650.2597642944093,1.8846251673306624,0.0024788218118821396,0.00044444444444444447,22.636499905914278,0.00044444444444444447
1105.4311447873,4.776409591704472e-07,0.24244897959183673,4.84813681109536e-06,1658.1467171809497,1.9012429311980348,0.002469189362531002,0.00044444444444444447,22.854911773341847,0.00044444444444444447
1110.7859029387635,4.776409591704472e-07,0.2626530612244898,4.84813681109536e-06,1666.178854408145,1.918462863652593,0.002459131198908563,0.00044444444444444447,23.078436698195752,0.00044444444444444447
1116.240770942818,4.776409591704472e-07,0.28285714285714286,4.84813681109536e-06,1674.361156414227,1.9363242176148876,0.00244862209493344,0.00044444444444444447,23.307274538279767,0.00044444444444444447
1121.7992400578567,4.776409591704472e-07,0.3030612244897959,4.84813681109536e-06,1682.698860086785,1.9548700064590805,0.002437634709878485,0.00044444444444444447,23.541635935393607,0.00044444444444444447
1127.4649844220705,4.776409591704472e-07,0.32326530612244897,4.84813681109536e-06,1691.197476633106,1.9741474862138215,0.0024261393636424537,0.00044444444444444447,23.78174382291252,0.00044444444444444447
1133.241874024708,4.776409591704472e-07,0.34346938775510205,4.84813681109536e-06,1699.862811037062,1.994208716184595,0.0024141037599568075,0.00044444444444444447,24.027833769927945,0.00044444444444444447
1139.1339888500586,4.776409591704472e-07,0.3636734693877551,4.84813681109536e-06,1708.7009832750878,2.015111213631012,0.002401492686034879,0.00044444444444444447,24.28015548181012,0.00044444444444444447
1145.1456343240914,4.776409591704472e-07,0.38387755102040816,4.84813681109536e-06,1717.718451486137,2.0369187218262224,0.0023882676543038025,0.00044444444444444447,24.53897361887124,0.00044444444444444447
1151.2813582108504,4.776409591704472e-07,0.4040816326530612,4.84813681109536e-06,1726.9220373162757,2.059702115622949,0.0023743864872371847,0.00044444444444444447,24.804568571711687,0.00044444444444444447
1157.545969125524,4.776409591704472e-07,0.42428571428571427,4.84813681109536e-06,1736.3189536882858,2.0835404747620365,0.002359802856290027,0.00044444444444444447,25.077238809057494,0.00044444444444444447
1163.9445568540168,4.776409591704472e-07,0.44448979591836735,4.84813681109536e-06,1745.9168352810252,2.1085223631564425,0.002344465713138982,0.00044444444444444447,25.35730129365267,0.00044444444444444447
1170.4825146955038,4.776409591704472e-07,0.4646938775510204,4.84813681109536e-06,1755.7237720432556,2.134747362845804,0.0023283186465337066,0.00044444444444444447,25.645093578029588,0.00044444444444444447
1177.165564075389,4.776409591704472e-07,0.48489795918367345,4.84813681109536e-06,1765.7483461130837,2.1623279251608016,0.0023112991157100958,0.00044444444444444447,25.94097554905713,0.00044444444444444447
1183.9997817123021,4.776409591704472e-07,0.5051020408163265,4.84813681109536e-06,1775.9996725684532,2.191391620144403,0.002293337537656634,0.00044444444444444447,26.245331042394863,0.00044444444444444447
1190.9916296651013,4.776409591704472e-07,0.5253061224489796,4.84813681109536e-06,1786.487444497652,2.2220838902607434,0.002274356208274901,0.00044444444444444447,26.558570384662485,0.00044444444444444447
1198.1479886356585,4.776409591704472e-07,0.5455102040816326,4.84813681109536e-06,1797.2219829534877,2.254571448540574,0.00225426799973999,0.00044444444444444447,26.8811327317758,0.00044444444444444447
1205.4761949618849,4.776409591704472e-07,0.5657142857142857,4.84813681109536e-06,1808.2142924428272,2.2890465085051708,0.0022329747855387477,0.00044444444444444447,27.213488752870482,0.00044444444444444447
1212.984081804911,4.776409591704472e-07,0.5859183673469388,4.84813681109536e-06,1819.4761227073666,2.325732099284361,0.0022103655156149797,0.00044444444444444447,27.556143281270135,0.00044444444444444447
1220.6800251168459,4.776409591704472e-07,0.6061224489795918,4.84813681109536e-06,1831.020037675269,2.364888813300929,0.0021863138584486837,0.00044444444444444447,27.90963909586616,0.00044444444444444447
1228.5729950738507,4.776409591704472e-07,0.6263265306122449,4.84813681109536e-06,1842.8594926107762,2.4068234694943027,0.0021606752663172277,0.00044444444444444447,28.274560741414806,0.00044444444444444447
1236.672613777055,4.776409591704472e-07,0.6465306122448979,4.84813681109536e-06,1855.0089206655825,2.4519003742460526,0.002133283286556232,0.00044444444444444447,28.651538388011687,0.00044444444444444447
1244.9892201653695,4.776409591704472e-07,0.666734693877551,4.84813681109536e-06,1867.4838302480543,2.500556160256963,0.0021039448832880538,0.00044444444444444447,29.04125266207517,0.00044444444444444447
1253.533943255231,4.776409591704472e-07,0.6869387755102041,4.84813681109536e-06,1880.3009148828464,2.553319639167086,0.0020724344275148323,0.00044444444444444447,29.44444097525655,0.00044444444444444447
1262.3187850297452,4.776409591704472e-07,0.7071428571428571,4.84813681109536e-06,1893.478177544618,2.6108388161551632,0.0020384858252316717,0.00044444444444444447,29.86190238545076,0.00044444444444444447
1271.356714552644,4.776409591704472e-07,0.7273469387755102,4.84813681109536e-06,1907.035071828966,2.6739183581701815,0.0020017821027133544,0.00044444444444444447,30.294505707467504,0.00044444444444444447
1280.6617751925362,4.776409591704472e-07,0.7475510204081632,4.84813681109536e-06,1920.9926627888044,2.743572696851245,0.0019619413067023714,0.00044444444444444447,30.743197025007163,0.00044444444444444447
1290.2492072250595,4.776409591704472e-07,0.7677551020408163,4.84813681109536e-06,1935.3738108375894,2.8211031741135444,0.0019184970449030638,0.00044444444444444447,31.2090091882909,0.00044444444444444447
1300.1355885542985,4.776409591704472e-07,0.7879591836734694,4.84813681109536e-06,1950.2033828314477,2.9082133623659736,0.0018708709460754328,0.00044444444444444447,31.69307299643835,0.00044444444444444447
1310.3389968857302,4.776409591704472e-07,0.8081632653061224,4.84813681109536e-06,1965.5084953285955,3.0071872991970996,0.0018183325292081547,0.00044444444444444447,32.19662883634423,0.00044444444444444447
1320.879197424829,4.776409591704472e-07,0.8283673469387755,4.84813681109536e-06,1981.3187961372437,3.121176071461386,0.00175993872521122,0.00044444444444444447,32.721041107198886,0.00044444444444444447
1331.7778611133006,4.776409591704472e-07,0.8485714285714285,4.84813681109536e-06,1997.6667916699507,3.2546811032773384,0.001694438893532874,0.00044444444444444447,33.26781632117298,0.00044444444444444447
1343.0588196092763,4.776409591704472e-07,0.8687755102040816,4.84813681109536e-06,2014.5882294139144,3.4144183670641945,0.0016201178432767491,0.00044444444444444447,33.83862136135142,0.00044444444444444447
1354.748364750744,4.776409591704472e-07,0.8889795918367347,4.84813681109536e-06,2032.122547126116,3.610982540510269,0.0015345193596652648,0.00044444444444444447,34.43530802867744,0.00044444444444444447
1366.8756022256023,4.776409591704472e-07,0.9091836734693878,4.84813681109536e-06,2050.3134033384035,3.862377510886566,0.0014339168252921145,0.00044444444444444447,35.05994018781644,0.00044444444444444447
1379.472871762866,4.776409591704472e-07,0.9293877551020407,4.84813681109536e-06,2069.209307644299,4.202572149642118,0.0013121772482432583,0.00044444444444444447,35.71482690818546,0.00044444444444444447
1392.5762495760994,4.776409591704472e-07,0.9495918367346938,4.84813681109536e-06,2088.864374364149,4.706745291444634,0.0011578800614422302,0.00044444444444444447,36.40256291995976,0.00044444444444444447
1406.2261533419357,4.776409591704472e-07,0.9697959183673469,4.84813681109536e-06,2109.3392300129035,5.595152721398976,0.0009446771859003395,0.00044444444444444447,37.12607542135251,0.00044444444444444447
1420.4680761287989,4.776409591704472e-07,0.99,4.84813681109536e-06,2130.702114193198,8.17561016043504,0.0005713250694526418,0.00044444444444444447,37.88867999228106,0.00044444444444444447
1047.9287650598878,4.776409591704472e-07,0.0,4.84813681109536e-06,1571.8931475898316,1.733154827688781,0.002562233943260449,0.0005555555555555556,20.524024629558053,0.0005555555555555556
1052.3019383694252,4.776409591704472e-07,0.02020408163265306,4.84813681109536e-06,1578.4529075541377,1.744993039512516,0.0025560544389893695,0.0005555555555555556,20.696832577336064,0.0005555555555555556
1056.7440610643946,4.776409591704472e-07,0.04040816326530612,4.84813681109536e-06,1585.116091596592,1.7571615354991656,0.0025496326302106315,0.0005555555555555556,20.873116523265388,0.0005555555555555556
1061.2571399687395,4.776409591704472e-07,0.06061224489795918,4.84813681109536e-06,1591.8857099531092,1.7696767863867924,0.002542956908395567,0.0005555555555555556,21.052991952643257,0.0005555555555555556
1065.8432690275122,4.776409591704472e-07,0.08081632653061224,4.84813681109536e-06,1598.7649035412683,1.7825564619278313,0.002536014901552376,0.0005555555555555556,21.236579902551664,0.0005555555555555556
1070.5046343994866,4.776409591704472e-07,0.1010204081632653,4.84813681109536e-06,1605.75695159923,1.7958195468931668,0.0025287934053748132,0.0005555555555555556,21.42400714330411,0.0005555555555555556
1075.2435199273573,4.776409591704472e-07,0.12122448979591836,4.84813681109536e-06,1612.865279891036,1.8094864712069707,0.002521278314047565,0.0005555555555555556,21.615406782353098,0.0005555555555555556
1080.0623130196725,4.776409591704472e-07,0.14142857142857143,4.84813681109536e-06,1620.0934695295089,1.8235792562977886,0.0025134545330534673,0.0005555555555555556,21.81091831842738,0.0005555555555555556
1084.9635109823298,4.776409591704472e-07,0.16163265306122448,4.84813681109536e-06,1627.4452664734947,1.8381216801313764,0.00250530589200574,0.0005555555555555556,22.01068826820552,0.0005555555555555556
1089.9497278415638,4.776409591704472e-07,0.18183673469387754,4.84813681109536e-06,1634.9245917623457,1.8531394638220058,0.002496815044290139,0.0005555555555555556,22.214870677889877,0.0005555555555555556
1095.0237017050251,4.776409591704472e-07,0.2020408163265306,4.84813681109536e-06,1642.5355525575378,1.8686604832570062,0.0024879633539967474,0.0005555555555555556,22.423627633595714,0.0005555555555555556
1100.1883027127872,4.776409591704472e-07,0.22224489795918367,4.84813681109536e-06,1650.2824540691809,1.8847150098207681,0.002478730762191104,0.0005555555555555556,22.637129372359716,0.0005555555555555556
1105.446541636047,4.776409591704472e-07,0.24244897959183673,4.84813681109536e-06,1658.1698124540703,1.9013359850912674,0.0024690956556507613,0.0005555555555555556,22.855555590071976,0.0005555555555555556
1110.8015791880223,4.776409591704472e-07,0.2626530612244898,4.84813681109536e-06,1666.2023687820333,1.918559335363488,0.0024590346958377257,0.0005555555555555556,23.079095445107267,0.0005555555555555556
1116.2567361191893,4.776409591704472e-07,0.28285714285714286,4.84813681109536e-06,1674.3851041787839,1.9364243330500914,0.002448522644132061,0.0005555555555555556,23.307948724085428,0.0005555555555555556
1121.815504177677,4.776409591704472e-07,0.3030612244897959,4.84813681109536e-06,1682.7232562665154,1.954974013476585,0.002437532150329433,0.0005555555555555556,23.54232628196126,0.0005555555555555556
1127.4815580255784,4.776409591704472e-07,0.32326530612244897,4.84813681109536e-06,1691.2223370383674,1.9742556574792547,0.0024260335184467024,0.0005555555555555556,23.782450930204394,0.0005555555555555556
1133.2587682132498,4.776409591704472e-07,0.34346938775510205,4.84813681109536e-06,1699.8881523198747,1.9943213525014827,0.002413994438370002,0.0005555555555555556,24.028558359815175,0.0005555555555555556
1139.1512153266692,4.776409591704472e-07,0.3636734693877551,4.84813681109536e-06,1708.726822990004,2.015228647831912,0.0024013796790726244,0.0005555555555555556,24.280898219546735,0.0005555555555555556
1145.163205437826,4.776409591704472e-07,0.38387755102040816,4.84813681109536e-06,1717.744808156739,2.0370413233548894,0.0023881507343651263,0.0005555555555555556,24.53973523051676,0.0005555555555555556
1151.299287005291,4.776409591704472e-07,0.4040816326530612,4.84813681109536e-06,1726.9489305079367,2.059830295947734,0.0023742654089429238,0.0005555555555555556,24.80535008422728,0.0005555555555555556
1157.5642693919428,4.776409591704472e-07,0.42428571428571427,4.84813681109536e-06,1736.3464040879144,2.0836746938094346,0.002359677344669471,0.0005555555555555556,25.078040893689742,0.0005555555555555556
1163.963243189752,4.776409591704472e-07,0.44448979591836735,4.84813681109536e-06,1745.944864784628,2.108663137001547,0.002344335470279836,0.0005555555555555556,25.358124992110852,0.0005555555555555556
1170.5016025681655,4.776409591704472e-07,0.4646938775510204,4.84813681109536e-06,1755.7524038522483,2.1348952729609527,0.002328183341127949,0.0005555555555555556,25.64593981241271,0.0005555555555555556
1177.1850698936248,4.776409591704472e-07,0.48489795918367345,4.84813681109536e-06,1765.777604840437,2.1624836296154384,0.0023111583797051152,0.0005555555555555556,25.941845202233566,0.0005555555555555556
1184.0197229039331,4.776409591704472e-07,0.5051020408163265,4.84813681109536e-06,1776.0295843558997,2.191555867260572,0.0022931909672797442,0.0005555555555555556,26.246225462118808,0.0005555555555555556
1191.0120247635884,4.776409591704472e-07,0.5253061224489796,4.84813681109536e-06,1786.5180371453828,2.222257535390145,0.002274203348831052,0.0005555555555555556,26.5594906967786,0.0005555555555555556
1198.1688573759823,4.776409591704472e-07,0.5455102040816326,4.84813681109536e-06,1797.2532860639735,2.2547554748618808,0.002254108342752864,0.0005555555555555556,26.882080222509966,0.0005555555555555556
1205.4975583871058,4.776409591704472e-07,0.5657142857142857,4.84813681109536e-06,1808.2463375806587,2.289242053017447,0.002232807757503369,0.0005555555555555556,27.214464716579847,0.0005555555555555556
1213.005962384888,4.776409591704472e-07,0.5859183673469388,4.84813681109536e-06,1819.5089435773323,2.32594048563114,0.0022101904705637923,0.0005555555555555556,27.557149361777974,0.0005555555555555556
1220.702446880806,4.776409591704472e-07,0.6061224489795918,4.84813681109536e-06,1831.0536703212092,2.3651115936583493,0.002186130057147417,0.0005555555555555556,27.9106767233748,0.0005555555555555556
1228.5959837588298,4.776409591704472e-07,0.6263265306122449,4.84813681109536e-06,1842.8939756382447,2.4070624786637476,0.0021604818637733494,0.0005555555555555556,28.275631571010464,0.0005555555555555556
1236.6961969945442,4.776409591704472e-07,0.6465306122448979,4.84813681109536e-06,1855.0442954918162,2.452157800409599,0.002133079308960227,0.0005555555555555556,28.65264423848014,0.0005555555555555556
1245.0134275889375,4.776409591704472e-07,0.666734693877551,4.84813681109536e-06,1867.520141383406,2.500834638870026,0.002103729201925062,0.0005555555555555556,29.042395741405375,0.0005555555555555556
1253.5588068323912,4.776409591704472e-07,0.6869387755102041,4.84813681109536e-06,1880.3382102485868,2.553622379557104,0.0020722057159605015,0.0005555555555555556,29.4456233382327,0.0005555555555555556
1262.3443392219544,4.776409591704472e-07,0.7071428571428571,4.84813681109536e-06,1893.5165088329315,2.6111697752989795,0.0020382425146742134,0.0005555555555555556,29.863126280235996,0.0005555555555555556
1271.3829966080673,4.776409591704472e-07,0.7273469387755102,4.84813681109536e-06,1907.0744949121008,2.674282484081347,0.0020015223168183354,0.0005555555555555556,30.295773558093654,0.0005555555555555556
1280.6888254571343,4.776409591704472e-07,0.7475510204081632,4.84813681109536e-06,1921.0332381857015,2.743976277393728,0.0019616627753627873,0.0005555555555555556,30.744511677727633,0.0005555555555555556
1290.2770694986996,4.776409591704472e-07,0.7677551020408163,4.84813681109536e-06,1935.4156042480492,2.821554350237434,0.0019181969805335231,0.0005555555555555556,31.210373953081195,0.0005555555555555556
1300.164310499994,4.776409591704472e-07,0.7879591836734694,4.84813681109536e-06,1950.2464657499909,2.9087229066837494,0.001870545858866487,0.0005555555555555556,31.69449093048324,0.0005555555555555556
1310.3686305018962,4.776409591704472e-07,0.8081632653061224,4.84813681109536e-06,1965.5529457528444,3.007769840261947,0.0018179779704942491,0.0005555555555555556,32.198103410097886,0.0005555555555555556
1320.9097995926586,4.776409591704472e-07,0.8283673469387755,4.84813681109536e-06,1981.364699388988,3.1218521029802853,0.0017595488854654246,0.0005555555555555556,32.722576481497825,0.0005555555555555556
1331.8094942341984,4.776409591704472e-07,0.8485714285714285,4.84813681109536e-06,1997.7142413512977,3.255480457208611,0.0016940059475361005,0.0005555555555555556,33.26941682760873,0.0005555555555555556
1343.091552350885,4.776409591704472e-07,0.8687755102040816,4.84813681109536e-06,2014.6373285263273,3.4153866165025617,0.0016196308492744066,0.0005555555555555556,33.840291935161375,0.0005555555555555556
1354.7822729247496,4.776409591704472e-07,0.8889795918367347,4.84813681109536e-06,2032.1734093871244,3.612193815279247,0.0015339622413365493,0.0005555555555555556,34.43705401067279,0.0005555555555555556
1366.9107698265473,4.776409591704472e-07,0.9091836734693878,4.84813681109536e-06,2050.366154739821,3.8639631025478,0.001433264330622558,0.0005555555555555556,35.061767552919996,0.0005555555555555556
1379.5093922050867,4.776409591704472e-07,0.9293877551020407,4.84813681109536e-06,2069.26408830763,4.204794876385079,0.0013113857092087494,0.0005555555555555556,35.71674252294824,0.0005555555555555556
1392.6142271764022,4.776409591704472e-07,0.9495918367346938,4.84813681109536e-06,2088.9213407646034,4.710243242136834,0.0011568616567641965,0.0005555555555555556,36.40457449911105,0.0005555555555555556
1406.2657051096276,4.776409591704472e-07,0.9697959183673469,4.84813681109536e-06,2109.3985576644413,5.602142499727902,0.0009431990190006364,0.0005555555555555556,37.128191162576115,0.0005555555555555556
1420.5093339436764,4.776409591704472e-07,0.99,4.84813681109536e-06,2130.7640009155148,8.20760740017362,0.0005680736720169055,0.0005555555555555556,37.890909935733646,0.0005555555555555556
1047.9414108866717,4.776409591704472e-07,0.0,4.84813681109536e-06,1571.9121163300076,1.733219082926342,0.002562165203842907,0.0006666666666666668,20.52452526233607,0.0006666666666666668
1052.3147781441094,4.776409591704472e-07,0.02020408163265306,4.84813681109536e-06,1578.472167216164,1.7450590686776835,0.0025559840813042067,0.0006666666666666668,20.697343124920813,0.0006666666666666668
1056.7571003158037,4.776409591704472e-07,0.04040816326530612,4.84813681109536e-06,1585.1356504737055,1.7572294261105448,0.002549560584437906,0.0006666666666666668,20.873637161742785,0.0006666666666666668
1061.2703844616296,4.776409591704472e-07,0.06061224489795918,4.84813681109536e-06,1591.9055766924444,1.7697466322616557,0.0025428831050679406,0.0006666666666666668,21.053523124793145,0.0006666666666666668
1065.8567247761584,4.776409591704472e-07,0.08081632653061224,4.84813681109536e-06,1598.7850871642377,1.7826283637890477,0.0025359392646416468,0.0006666666666666668,21.23712195005299,0.0006666666666666668
1070.5183076822625,4.776409591704472e-07,0.1010204081632653,4.84813681109536e-06,1605.7774615233939,1.7958936130419398,0.0025287158534653036,0.0006666666666666668,21.42456039284422,0.0006666666666666668
1075.2574173023952,4.776409591704472e-07,0.12122448979591836,4.84813681109536e-06,1612.886125953593,1.8095628182833492,0.0025211987624345687,0.0006666666666666668,21.61597169564465,0.0006666666666666668
1080.0764413417087,4.776409591704472e-07,0.14142857142857143,4.84813681109536e-06,1620.114662012563,1.8236580101334114,0.0025133728884799635,0.0006666666666666668,21.811495209007962,0.0006666666666666668
1084.9778774208332,4.776409591704472e-07,0.16163265306122448,4.84813681109536e-06,1627.46681613125,1.8382029767149053,0.0025052220572453657,0.0006666666666666668,22.011277606947157,0.0006666666666666668
1089.9643399002803,4.776409591704472e-07,0.18183673469387754,4.84813681109536e-06,1634.9465098504204,1.8532234503909704,0.0024967289151183025,0.0006666666666666668,22.215472949546196,0.0006666666666666668
1095.0385672430634,4.776409591704472e-07,0.2020408163265306,4.84813681109536e-06,1642.5578508645951,1.8687473195383695,0.0024878748160477417,0.0006666666666666668,22.42424318015025,0.0006666666666666668
1100.2034299673967,4.776409591704472e-07,0.22224489795918367,4.84813681109536e-06,1650.305144951095,1.8848048694432538,0.002478639695855222,0.0006666666666666668,22.637758745448558,0.0006666666666666668
1105.461939247257,4.776409591704472e-07,0.24244897959183673,4.84813681109536e-06,1658.1929088708855,1.9014290572017578,0.002469001932266449,0.0006666666666666668,22.856199369278603,0.0006666666666666668
1110.8172562253274,4.776409591704472e-07,0.2626530612244898,4.84813681109536e-06,1666.2258843379911,1.918655826480458,0.002458938176551715,0.0006666666666666668,23.07975422569872,0.0006666666666666668
1116.2727021104865,4.776409591704472e-07,0.28285714285714286,4.84813681109536e-06,1674.4090531657298,1.9365244691917636,0.0024484231778775685,0.0006666666666666668,23.30862305255203,0.0006666666666666668
1121.8317691406874,4.776409591704472e-07,0.3030612244897959,4.84813681109536e-06,1682.747653711031,1.9550780426302738,0.002437429572816509,0.0006666666666666668,23.543016665887027,0.0006666666666666668
1127.4981325020221,4.776409591704472e-07,0.32326530612244897,4.84813681109536e-06,1691.2471987530332,1.9743638524566964,0.002425927654376299,0.0006666666666666668,23.78315808200576,0.0006666666666666668
1133.2756633060617,4.776409591704472e-07,0.34346938775510205,4.84813681109536e-06,1699.9134949590925,1.9944340142683066,0.0024138850957228994,0.0006666666666666668,24.029282918072262,0.0006666666666666668
1139.1684427405878,4.776409591704472e-07,0.3636734693877551,4.84813681109536e-06,1708.7526641108816,2.015346109410508,0.002401266652200297,0.0006666666666666668,24.28164109142653,0.0006666666666666668
1145.1807775237348,4.776409591704472e-07,0.38387755102040816,4.84813681109536e-06,1717.7711662856022,2.037163954402581,0.002388033794132738,0.0006666666666666668,24.540497044158865,0.0006666666666666668
1151.3172168087392,4.776409591704472e-07,0.4040816326530612,4.84813681109536e-06,1726.975825213109,2.0599585081832243,0.002374144305537079,0.0006666666666666668,24.80613155191649,0.0006666666666666668
1157.5825707063213,4.776409591704472e-07,0.42428571428571427,4.84813681109536e-06,1736.373856059482,2.0838089474448833,0.0023595518082680125,0.0006666666666666668,25.07884307334417,0.0006666666666666668
1163.9819306146835,4.776409591704472e-07,0.44448979591836735,4.84813681109536e-06,1745.9728959220251,2.1088039484444674,0.0023442051988380704,0.0006666666666666668,25.35894862789743,0.0006666666666666668
1170.5206915737278,4.776409591704472e-07,0.4646938775510204,4.84813681109536e-06,1755.7810373605919,2.1350432240734234,0.002328048005687121,0.0006666666666666668,25.646786016513605,0.0006666666666666668
1177.2045768911341,4.776409591704472e-07,0.48489795918367345,4.84813681109536e-06,1765.806865336701,2.162639378922673,0.00231101761406199,0.0006666666666666668,25.942715019747105,0.0006666666666666668
1184.0396653241035,4.776409591704472e-07,0.5051020408163265,4.84813681109536e-06,1776.0594979861553,2.1917201636224988,0.0022930443641655225,0.0006666666666666668,26.24711998665129,0.0006666666666666668
1191.0324211430204,4.776409591704472e-07,0.5253061224489796,4.84813681109536e-06,1786.5486317145305,2.2224312348036364,0.002274050453626508,0.0006666666666666668,26.560411080479877,0.0006666666666666668
1198.1897274530675,4.776409591704472e-07,0.5455102040816326,4.84813681109536e-06,1797.2845911796012,2.254939561274211,0.00225394864782859,0.0006666666666666668,26.88302784684913,0.0006666666666666668
1205.5189232086238,4.776409591704472e-07,0.5657142857142857,4.84813681109536e-06,1808.2783848129359,2.289437664356936,0.0022326406887154255,0.0006666666666666668,27.215440855494187,0.0006666666666666668
1213.0278444247522,4.776409591704472e-07,0.5859183673469388,4.84813681109536e-06,1819.5417666371284,2.326148946673984,0.0022100153789606173,0.0006666666666666668,27.558155441448406,0.0006666666666666668
1220.7248701726814,4.776409591704472e-07,0.6061224489795918,4.84813681109536e-06,1831.0873052590223,2.365334457974105,0.002185946206845783,0.0006666666666666668,27.911714507117264,0.0006666666666666668
1228.6189740446139,4.776409591704472e-07,0.6263265306122449,4.84813681109536e-06,1842.9284610669208,2.4073015827863053,0.0021602884078696202,0.0006666666666666668,28.276702605219068,0.0006666666666666668
1236.7197818910674,4.776409591704472e-07,0.6465306122448979,4.84813681109536e-06,1855.0796728366013,2.452415334699265,0.002132875273165527,0.0006666666666666668,28.653750369540692,0.0006666666666666668
1245.0376367756473,4.776409591704472e-07,0.666734693877551,4.84813681109536e-06,1867.556455163471,2.5011132415576585,0.0021035134548669752,0.0006666666666666668,29.04353901983368,0.0006666666666666668
1253.5836722632878,4.776409591704472e-07,0.6869387755102041,4.84813681109536e-06,1880.3755083949318,2.553925263555593,0.002071976928130153,0.0006666666666666668,29.44680563221117,0.0006666666666666668
1262.3698953656724,4.776409591704472e-07,0.7071428571428571,4.84813681109536e-06,1893.5548430485087,2.6115009022901603,0.0020379991202296873,0.0006666666666666668,29.864350256316293,0.0006666666666666668
1271.4092807207344,4.776409591704472e-07,0.7273469387755102,4.84813681109536e-06,1907.1139210811016,2.6746468083765755,0.0020012624374289734,0.0006666666666666668,30.297041633588055,0.0006666666666666668
1280.7158778935725,4.776409591704472e-07,0.7475510204081632,4.84813681109536e-06,1921.0738168403589,2.7443800954602975,0.001961384139119571,0.0006666666666666668,30.74582676832756,0.0006666666666666668
1290.3049340686641,4.776409591704472e-07,0.7677551020408163,4.84813681109536e-06,1935.457401102996,2.8220058150613867,0.0019178967911094799,0.0006666666666666668,31.211738804364195,0.0006666666666666668
1300.1930348775697,4.776409591704472e-07,0.7879591836734694,4.84813681109536e-06,1950.2895523163547,2.9092328082153487,0.0018702206244947852,0.0006666666666666668,31.695908839462255,0.0006666666666666668
1310.3982666979393,4.776409591704472e-07,0.8081632653061224,4.84813681109536e-06,1965.5974000469091,3.0083528328699702,0.0018176232393799642,0.0006666666666666668,32.19957816562043,0.0006666666666666668
1320.940404502392,4.776409591704472e-07,0.8283673469387755,4.84813681109536e-06,1981.4106067535881,3.1225287204254233,0.0017591588367798809,0.0006666666666666668,32.72411197995503,0.0006666666666666668
1331.8411302749068,4.776409591704472e-07,0.8485714285714285,4.84813681109536e-06,1997.7616954123603,3.2562805967838386,0.0016935727433738611,0.0006666666666666668,33.271017472436,0.0006666666666666668
1343.1242882082638,4.776409591704472e-07,0.8687755102040816,4.84813681109536e-06,2014.6864323123957,3.4163559648271784,0.001619143525975538,0.0006666666666666668,33.84196258394685,0.0006666666666666668
1354.8161844311037,4.776409591704472e-07,0.8889795918367347,4.84813681109536e-06,2032.2242766466557,3.613406716381875,0.0015334046875205007,0.0006666666666666668,34.43880014147238,0.0006666666666666668
1366.9459410000734,4.776409591704472e-07,0.9091836734693878,4.84813681109536e-06,2050.41891150011,3.8655513001203614,0.001432611225964334,0.0006666666666666668,35.06359509314029,0.0006666666666666668
1379.5459164874035,4.776409591704472e-07,0.9293877551020407,4.84813681109536e-06,2069.318874731105,4.207022310966378,0.0013105932399269148,0.0006666666666666668,35.71865833508465,0.0006666666666666668
1392.6522089159591,4.776409591704472e-07,0.9495918367346938,4.84813681109536e-06,2088.978313373939,4.713751609291383,0.001155841611758053,0.0006666666666666668,36.40658599848538,0.0006666666666666668
1406.3052613526552,4.776409591704472e-07,0.9697959183673469,4.84813681109536e-06,2109.4578920289828,5.609167315947598,0.0009417169681482867,0.0006666666666666668,37.1303073091314,0.0006666666666666668
1420.5505966133403,4.776409591704472e-07,0.99,4.84813681109536e-06,2130.8258949200103,8.240111028374052,0.0005647962254205656,0.0006666666666666668,37.89313996148797,0.0006666666666666668
1047.9540572455712,4.776409591704472e-07,0.0,4.84813681109536e-06,1571.9310858683568,1.7332833476933756,0.0025620964563656114,0.0007777777777777778,20.525025980540672,0.0007777777777777778
1052.3276184658641,4.776409591704472e-07,0.02020408163265306,4.84813681109536e-06,1578.491427698796,1.7451251078387562,0.0025559137125169954,0.0007777777777777778,20.69785360936472,0.0007777777777777778
1056.770140129868,4.776409591704472e-07,0.04040816326530612,4.84813681109536e-06,1585.1552101948018,1.7572973272152568,0.002549488530525403,0.0007777777777777778,20.87415792616843,0.0007777777777777778
1061.2836295334262,4.776409591704472e-07,0.06061224489795918,4.84813681109536e-06,1591.9254443001394,1.76981648916432,0.002542809291003024,0.0007777777777777778,21.0540542989854,0.0007777777777777778
1065.8701811206672,4.776409591704472e-07,0.08081632653061224,4.84813681109536e-06,1598.8052716810007,1.7827002772515426,0.002535863616236287,0.0007777777777777778,21.23766398095736,0.0007777777777777778
1070.5319815786015,4.776409591704472e-07,0.1010204081632653,4.84813681109536e-06,1605.7979723679023,1.7959676914102392,0.002528638292131872,0.0007777777777777778,21.42511377507029,0.0007777777777777778
1075.2713153094871,4.776409591704472e-07,0.12122448979591836,4.84813681109536e-06,1612.9069729642308,1.8096391782455175,0.002521119197362262,0.0007777777777777778,21.616536531780945,0.0007777777777777778
1080.0905703151261,4.776409591704472e-07,0.14142857142857143,4.84813681109536e-06,1620.1358554726892,1.8237367775742839,0.00251329123150833,0.0007777777777777778,21.812072117616214,0.0007777777777777778
1084.9922445309353,4.776409591704472e-07,0.16163265306122448,4.84813681109536e-06,1627.488366796403,1.838284287681718,0.0025051382096397175,0.0007777777777777778,22.01186697105336,0.0007777777777777778
1089.9789526517568,4.776409591704472e-07,0.18183673469387754,4.84813681109536e-06,1634.9684289776353,1.8533074521866215,0.002496642771095262,0.0007777777777777778,22.216075159430183,0.0007777777777777778
1095.0534334960269,4.776409591704472e-07,0.2020408163265306,4.84813681109536e-06,1642.5801502440404,1.868834171961127,0.0024877862654129695,0.0007777777777777778,22.42485884137069,0.0007777777777777778
1100.218557960165,4.776409591704472e-07,0.22224489795918367,4.84813681109536e-06,1650.3278369402476,1.8848947462046628,0.0024785486161177923,0.0007777777777777778,22.638388233270103,0.0007777777777777778
1105.4773376209992,4.776409591704472e-07,0.24244897959183673,4.84813681109536e-06,1658.2160064314987,1.9015221475381894,0.002468908194806339,0.0007777777777777778,22.856843269246735,0.0007777777777777778
1110.8329340507514,4.776409591704472e-07,0.2626530612244898,4.84813681109536e-06,1666.2494010761272,1.9187523370102146,0.0024588416407670213,0.0007777777777777778,23.08041302152498,0.0007777777777777778
1116.2886689167838,4.776409591704472e-07,0.28285714285714286,4.84813681109536e-06,1674.4330033751755,1.9366246260492013,0.002448323692309217,0.0007777777777777778,23.309297265638765,0.0007777777777777778
1121.8480349469664,4.776409591704472e-07,0.3030612244897959,4.84813681109536e-06,1682.7720524204497,1.955182093928335,0.0024373269771427036,0.0007777777777777778,23.543707074004548,0.0007777777777777778
1127.5147078514858,4.776409591704472e-07,0.32326530612244897,4.84813681109536e-06,1691.2720617772286,1.9744720711522816,0.0024258217710078473,0.0007777777777777778,23.783865249205768,0.0007777777777777778
1133.2925593032312,4.776409591704472e-07,0.34346938775510205,4.84813681109536e-06,1699.938838954847,1.9945467014949818,0.0024137757338178484,0.0007777777777777778,24.030007571334924,0.0007777777777777778
1139.1856710919055,4.776409591704472e-07,0.3636734693877551,4.84813681109536e-06,1708.7785066378583,2.015463598376339,0.002401153602521883,0.0007777777777777778,24.282383891623446,0.0007777777777777778
1145.1983505819146,4.776409591704472e-07,0.38387755102040816,4.84813681109536e-06,1717.797525872872,2.0372866149846343,0.0023879168299426076,0.0007777777777777778,24.54125879545282,0.0007777777777777778
1151.3351476212972,4.776409591704472e-07,0.4040816326530612,4.84813681109536e-06,1727.002721431946,2.0600867523427326,0.0023740231800532764,0.0007777777777777778,24.80691319824393,0.0007777777777777778
1157.6008730687684,4.776409591704472e-07,0.42428571428571427,4.84813681109536e-06,1736.4013096031524,2.083943235683857,0.0023594262467067505,0.0007777777777777778,25.07964532031503,0.0007777777777777778
1164.0006191289256,4.776409591704472e-07,0.44448979591836735,4.84813681109536e-06,1746.0009286933885,2.1089447975037547,0.002344074901185766,0.0007777777777777778,25.359772382075544,0.0007777777777777778
1170.5397817123126,4.776409591704472e-07,0.4646938775510204,4.84813681109536e-06,1755.8096725684688,2.1351912162027666,0.00232791264120127,0.0007777777777777778,25.647632267490618,0.0007777777777777778
1177.2240850680469,4.776409591704472e-07,0.48489795918367345,4.84813681109536e-06,1765.8361276020703,2.162795173104967,0.0023108768184577104,0.0007777777777777778,25.943584977127806,0.0007777777777777778
1184.0596089729515,4.776409591704472e-07,0.5051020408163265,4.84813681109536e-06,1776.0894134594273,2.19188450925826,0.0022928977277037192,0.0007777777777777778,26.248014568428335,0.0007777777777777778
1191.0528188035416,4.776409591704472e-07,0.5253061224489796,4.84813681109536e-06,1786.5792282053126,2.222604988531188,0.002273897522520217,0.0007777777777777778,26.56133152554757,0.0007777777777777778
1198.2105988670694,4.776409591704472e-07,0.5455102040816326,4.84813681109536e-06,1797.3158983006042,2.2551237078112694,0.0022537889140068967,0.0007777777777777778,26.88397552652375,0.0007777777777777778
1205.5402894266035,4.776409591704472e-07,0.5657142857142857,4.84813681109536e-06,1808.3104341399053,2.2896333425630875,0.0022324735773318373,0.0007777777777777778,27.216417015453704,0.0007777777777777778
1213.0497279246824,4.776409591704472e-07,0.5859183673469388,4.84813681109536e-06,1819.5745918870236,2.3263574824585613,0.002209840241516011,0.0007777777777777778,27.55916158326032,0.0007777777777777778
1220.7472949926632,4.776409591704472e-07,0.6061224489795918,4.84813681109536e-06,1831.1209424889948,2.3655574063035294,0.002185762304591299,0.0007777777777777778,27.91275219010592,0.0007777777777777778
1228.6419659314076,4.776409591704472e-07,0.6263265306122449,4.84813681109536e-06,1842.9629488971113,2.40754078192779,0.0021600948973574136,0.0007777777777777778,28.277773734709495,0.0007777777777777778
1236.7433684668451,4.776409591704472e-07,0.6465306122448979,4.84813681109536e-06,1855.1150527002676,2.4526729771943327,0.0021326711767633037,0.0007777777777777778,28.65485656413347,0.0007777777777777778
1245.0618477257347,4.776409591704472e-07,0.666734693877551,4.84813681109536e-06,1867.592771588602,2.5013919684147248,0.0021032976389077744,0.0007777777777777778,29.04468220199694,0.0007777777777777778
1253.6085395481757,4.776409591704472e-07,0.6869387755102041,4.84813681109536e-06,1880.4128093222635,2.5542282912791174,0.002071748068698058,0.0007777777777777778,29.447988305827877,0.0007777777777777778
1262.3954534611737,4.776409591704472e-07,0.7071428571428571,4.84813681109536e-06,1893.5931801917607,2.6118321972771437,0.0020377556420073492,0.0007777777777777778,29.865574329463723,0.0007777777777777778
1271.4355668909436,4.776409591704472e-07,0.7273469387755102,4.84813681109536e-06,1907.1533503364153,2.67501133124603,0.002001002464684741,0.0007777777777777778,30.298309954351872,0.0007777777777777778
1280.7429325021733,4.776409591704472e-07,0.7475510204081632,4.84813681109536e-06,1921.11439875326,2.7447841512950957,0.0019611053927627996,0.0007777777777777778,30.747141776039577,0.0007777777777777778
1290.3328009353029,4.776409591704472e-07,0.7677551020408163,4.84813681109536e-06,1935.4992014029544,2.8224575689094733,0.0019175964753830232,0.0007777777777777778,31.213103623054312,0.0007777777777777778
1300.2217616874095,4.776409591704472e-07,0.7879591836734694,4.84813681109536e-06,1950.3326425311143,2.9097430673961227,0.0018698952443594109,0.0007777777777777778,31.697326885377656,0.0007777777777777778
1310.427905474279,4.776409591704472e-07,0.8081632653061224,4.84813681109536e-06,1965.6418582114184,3.0089362776319177,0.0018172683353619716,0.0007777777777777778,32.20105306614415,0.0007777777777777778
1320.9710121544863,4.776409591704472e-07,0.8283673469387755,4.84813681109536e-06,1981.4565182317294,3.1232059246864408,0.001758768579088494,0.0007777777777777778,32.72564762017327,0.0007777777777777778
1331.8727692359284,4.776409591704472e-07,0.8485714285714285,4.84813681109536e-06,1997.8091538538927,3.2570815233555805,0.0016931392818506207,0.0007777777777777778,33.272618383466785,0.0007777777777777778
1343.1570271819694,4.776409591704472e-07,0.8687755102040816,4.84813681109536e-06,2014.735540772954,3.417326414222749,0.0016186558748893254,0.0007777777777777778,33.84363353871094,0.0007777777777777778
1354.8500992704205,4.776409591704472e-07,0.8889795918367347,4.84813681109536e-06,2032.2751489056309,3.6146212476436004,0.0015328466968358315,0.0007777777777777778,34.44054634158582,0.0007777777777777778
1366.9811157468628,4.776409591704472e-07,0.9091836734693878,4.84813681109536e-06,2050.471673620294,3.867142111105367,0.0014319575118814877,0.0007777777777777778,35.06542303123997,0.0007777777777777778
1379.5824446105778,4.776409591704472e-07,0.9293877551020407,4.84813681109536e-06,2069.3736669158666,4.209254470860752,0.001309799838494377,0.0007777777777777778,35.72057441215817,0.0007777777777777778
1392.6901947956233,4.776409591704472e-07,0.9495918367346938,4.84813681109536e-06,2089.035292193435,4.717270447303896,0.0011548199245978714,0.0007777777777777778,36.40859796968933,0.0007777777777777778
1406.3448220719783,4.776409591704472e-07,0.9697959183673469,4.84813681109536e-06,2109.5172331079675,5.616227478518518,0.0009402310090150854,0.0007777777777777778,37.13242384545124,0.0007777777777777778
1420.5918641388764,4.776409591704472e-07,0.99,4.84813681109536e-06,2130.8877962083147,8.273135234229361,0.0005614922168435617,0.0007777777777777778,37.895370714803555,0.0007777777777777778
1047.9667041366263,4.776409591704472e-07,0.0,4.84813681109536e-06,1571.9500562049395,1.7333476219920039,0.002562027698243098,0.0008888888888888889,20.525526641326156,0.0008888888888888889
1052.3404593347311,4.776409591704472e-07,0.02020408163265306,4.84813681109536e-06,1578.5106890020966,1.745191156996453,0.0025558433349282634,0.0008888888888888889,20.698364159387083,0.0008888888888888889
1056.7831805066314,4.776409591704472e-07,0.04040816326530612,4.84813681109536e-06,1585.174770759947,1.7573652388147576,0.0025494164653425324,0.0008888888888888889,20.87467863905619,0.0008888888888888889
1061.2968751841752,4.776409591704472e-07,0.06061224489795918,4.84813681109536e-06,1591.9453127762627,1.7698863570971721,0.0025427354677779275,0.0008888888888888889,21.054585565876476,0.0008888888888888889
1065.8836380610849,4.776409591704472e-07,0.08081632653061224,4.84813681109536e-06,1598.8254570916272,1.78277220231945,0.002535787957900388,0.0008888888888888889,21.23820608640337,0.0008888888888888889
1070.5456560885525,4.776409591704472e-07,0.1010204081632653,4.84813681109536e-06,1605.8184841328286,1.7960417820027423,0.002528560718061823,0.0008888888888888889,21.4256670948458,0.0008888888888888889
1075.2852139486838,4.776409591704472e-07,0.12122448979591836,4.84813681109536e-06,1612.9278209230258,1.8097155510975922,0.0025210396226956326,0.0008888888888888889,21.61710152189935,0.0008888888888888889
1080.1046999399794,4.776409591704472e-07,0.14142857142857143,4.84813681109536e-06,1620.157049909969,1.8238155586254847,0.002513209563464803,0.0008888888888888889,21.8126491247942,0.0008888888888888889
1085.0066123126924,4.776409591704472e-07,0.16163265306122448,4.84813681109536e-06,1627.5099184690384,1.838365613036603,0.0025050543497288566,0.0008888888888888889,22.0124563938442,0.0008888888888888889
1089.9935660960525,4.776409591704472e-07,0.18183673469387754,4.84813681109536e-06,1634.990349144079,1.8533914692135551,0.002496556615773122,0.0008888888888888889,22.216677528864196,0.0008888888888888889
1095.068300463978,4.776409591704472e-07,0.2020408163265306,4.84813681109536e-06,1642.6024506959668,1.8689210405329586,0.0024876976997766256,0.0008888888888888889,22.4254744713619,0.0008888888888888889
1100.2336866911578,4.776409591704472e-07,0.22224489795918367,4.84813681109536e-06,1650.3505300367367,1.8849846401104045,0.00247845752281818,0.0008888888888888889,22.63901782569017,0.0008888888888888889
1105.4927367573403,4.776409591704472e-07,0.24244897959183673,4.84813681109536e-06,1658.2391051360105,1.9016152561061448,0.0024688144402928132,0.0008888888888888889,22.857487096624613,0.0008888888888888889
1110.8486126643643,4.776409591704472e-07,0.2626530612244898,4.84813681109536e-06,1666.2729189965464,1.9188488669601476,0.0024587450880062373,0.0008888888888888889,23.08107180141481,0.0008888888888888889
1116.3046365381572,4.776409591704472e-07,0.28285714285714286,4.84813681109536e-06,1674.4569548072357,1.9367248036278935,0.00244822419155494,0.0008888888888888889,23.30997163988289,0.0008888888888888889
1121.864301596593,4.776409591704472e-07,0.3030612244897959,4.84813681109536e-06,1682.7964523948892,1.9552861673791424,0.0024372243642155752,0.0008888888888888889,23.544397568440473,0.0008888888888888889
1127.5312840740507,4.776409591704472e-07,0.32326530612244897,4.84813681109536e-06,1691.2969261110761,1.9745803135770104,0.0024257158699241563,0.0008888888888888889,23.78457254151064,0.0008888888888888889
1133.3094562048454,4.776409591704472e-07,0.34346938775510205,4.84813681109536e-06,1699.9641843072682,1.9946594141912115,0.002413666353395669,0.0008888888888888889,24.030732371885033,0.0008888888888888889
1139.2029003807147,4.776409591704472e-07,0.3636734693877551,4.84813681109536e-06,1708.804350571072,2.0155811147419955,0.002401040533162486,0.0008888888888888889,24.283126843197127,0.0008888888888888889
1145.2159246124627,4.776409591704472e-07,0.38387755102040816,4.84813681109536e-06,1717.8238869186941,2.0374093051098328,0.002387799844649238,0.0008888888888888889,24.542020691153844,0.0008888888888888889
1151.3530794430685,4.776409591704472e-07,0.4040816326530612,4.84813681109536e-06,1727.0296191646028,2.06021502844238,0.0023739020282810123,0.0008888888888888889,24.807694714488463,0.0008888888888888889
1157.6191764793919,4.776409591704472e-07,0.42428571428571427,4.84813681109536e-06,1736.4287647190877,2.0840775585426288,0.0023593006588602697,0.0008888888888888889,25.080447551185166,0.0008888888888888889
1164.0193087325943,4.776409591704472e-07,0.44448979591836735,4.84813681109536e-06,1746.0289630988914,2.109085684196556,0.002343944577547175,0.0008888888888888889,25.36059627235921,0.0008888888888888889
1170.5588729840415,4.776409591704472e-07,0.4646938775510204,4.84813681109536e-06,1755.8383094760622,2.1353392493691863,0.0023277772484777866,0.0008888888888888889,25.64847862867033,0.0008888888888888889
1177.2435944244924,4.776409591704472e-07,0.48489795918367345,4.84813681109536e-06,1765.8653916367387,2.1629510121857907,0.0023107359912410085,0.0008888888888888889,25.944454945562537,0.0008888888888888889
1184.0795538506138,4.776409591704472e-07,0.5051020408163265,4.84813681109536e-06,1776.1193307759208,2.1920489041931983,0.0022927510577410944,0.0008888888888888889,26.2489091961233,0.0008888888888888889
1191.0732177453008,4.776409591704472e-07,0.5253061224489796,4.84813681109536e-06,1786.6098266179513,2.2227787966025883,0.0022737445566981614,0.0008888888888888889,26.5622521297857,0.0008888888888888889
1198.231471618145,4.776409591704472e-07,0.5455102040816326,4.84813681109536e-06,1797.3472074272174,2.2553079145081565,0.0022536291405309107,0.0008888888888888889,26.884923200057365,0.0008888888888888889
1205.5616570412133,4.776409591704472e-07,0.5657142857142857,4.84813681109536e-06,1808.3424855618198,2.2898290876759106,0.0022323064251077345,0.0008888888888888889,27.217393346243014,0.0008888888888888889
1213.0716128848564,4.776409591704472e-07,0.5859183673469388,4.84813681109536e-06,1819.6074193272848,2.326566093033244,0.0022096650599666445,0.0008888888888888889,27.560167938558212,0.0008888888888888889
1220.769721340941,4.776409591704472e-07,0.6061224489795918,4.84813681109536e-06,1831.1545820114115,2.3657804387020316,0.002185578354718742,0.0008888888888888889,27.913790154822397,0.0008888888888888889
1228.6649594194148,4.776409591704472e-07,0.6263265306122449,4.84813681109536e-06,1842.9974391291223,2.407780076154454,0.002159901330035431,0.0008888888888888889,28.278844764942964,0.0008888888888888889
1236.766956722096,4.776409591704472e-07,0.6465306122448979,4.84813681109536e-06,1855.150435083144,2.4529307279739743,0.0021324670207550733,0.0008888888888888889,28.65596291669764,0.0008888888888888889
1245.0860604394368,4.776409591704472e-07,0.666734693877551,4.84813681109536e-06,1867.6290906591553,2.501670819539957,0.002103081758369523,0.0008888888888888889,29.045825694281266,0.0008888888888888889
1253.633408687309,4.776409591704472e-07,0.6869387755102041,4.84813681109536e-06,1880.4501130309634,2.5545314628478155,0.0020715191333155847,0.0008888888888888889,29.44917094976208,0.0008888888888888889
1262.421013508734,4.776409591704472e-07,0.7071428571428571,4.84813681109536e-06,1893.631520263101,2.61216366041013,0.0020375120807653467,0.0008888888888888889,29.866798578563884,0.0008888888888888889
1271.4618551189917,4.776409591704472e-07,0.7273469387755102,4.84813681109536e-06,1907.1927826784874,2.6753760528791934,0.002000742395610688,0.0008888888888888889,30.29957823146636,0.0008888888888888889
1280.769989283259,4.776409591704472e-07,0.7475510204081632,4.84813681109536e-06,1921.1549839248887,2.7451884451432504,0.0019608265387063045,0.0008888888888888889,30.74845695402939,0.0008888888888888889
1290.3606700989683,4.776409591704472e-07,0.7677551020408163,4.84813681109536e-06,1935.5410051484523,2.8229096121052164,0.0019172960368457302,0.0008888888888888889,31.21446878184793,0.0008888888888888889
1300.2504909298948,4.776409591704472e-07,0.7879591836734694,4.84813681109536e-06,1950.3757363948423,2.9102536846669746,0.0018695697200008191,0.0008888888888888889,31.698745245492525,0.0008888888888888889
1310.457546831332,4.776409591704472e-07,0.8081632653061224,4.84813681109536e-06,1965.6863202469979,3.0095201751635132,0.0018169132579861375,0.0008888888888888889,32.202528080455956,0.0008888888888888889
1321.0016225493998,4.776409591704472e-07,0.8283673469387755,4.84813681109536e-06,1981.5024338240996,3.1238837166544218,0.001758378113239907,0.0008888888888888889,32.72718352180766,0.0008888888888888889
1331.9044111177668,4.776409591704472e-07,0.8485714285714285,4.84813681109536e-06,1997.8566166766502,3.257883238279903,0.0016927055603180809,0.0008888888888888889,33.27421929401981,0.0008888888888888889
1343.1897692725563,4.776409591704472e-07,0.8687755102040816,4.84813681109536e-06,2014.7846539088343,3.418297966878981,0.0016181678940533006,0.0008888888888888889,33.845304623508945,0.0008888888888888889
1354.8840174433144,4.776409591704472e-07,0.8889795918367347,4.84813681109536e-06,2032.3260261649716,3.615837412901224,0.001532288272242259,0.0008888888888888889,34.4422930544696,0.0008888888888888889
1367.0162940675973,4.776409591704472e-07,0.9091836734693878,4.84813681109536e-06,2050.524441101396,3.8687355430381087,0.0014313031836562583,0.0008888888888888889,35.06725093735682,0.0008888888888888889
1379.6189765753709,4.776409591704472e-07,0.9293877551020407,4.84813681109536e-06,2069.4284648630564,4.211491373635306,0.0013090055035906683,0.0008888888888888889,35.72249089720521,0.0008888888888888889
1392.7281848162481,4.776409591704472e-07,0.9495918367346938,4.84813681109536e-06,2089.092277224372,4.720799810976689,0.0011537965878786677,0.0008888888888888889,36.410610238975806,0.0008888888888888889
1406.3843872685582,4.776409591704472e-07,0.9697959183673469,4.84813681109536e-06,2109.576580902837,5.623323299795712,0.0009387411155719095,0.0008888888888888889,37.13454055935378,0.0008888888888888889
1420.633136521371,4.776409591704472e-07,0.99,4.84813681109536e-06,2130.9497047820564,8.306694781738106,0.000558161106792263,0.0008888888888888889,37.89760145191703,0.0008888888888888889
1047.9793515598765,4.776409591704472e-07,0.0,4.84813681109536e-06,1571.9690273398148,1.7334119058251694,0.0025619589329845946,0.001,20.52602743879598,0.001
1052.3533007507522,4.776409591704472e-07,0.02020408163265306,4.84813681109536e-06,1578.5299511261283,1.745257216154087,0.0025557729486102433,0.001,20.698874779161923,0.001
1056.7962214461377,4.776409591704472e-07,0.04040816326530612,4.84813681109536e-06,1585.1943321692065,1.7574331609132245,0.002549344390031205,0.001,20.875199365302354,0.001
1061.310121413921,4.776409591704472e-07,0.06061224489795918,4.84813681109536e-06,1591.9651821208815,1.769956236063918,0.002542661633410212,0.001,21.055116811753116,0.001
1065.897095597459,4.776409591704472e-07,0.08081632653061224,4.84813681109536e-06,1598.8456433961885,1.7828441389959482,0.0025357122884892766,0.001,21.238748199975316,0.001
1070.5593312121648,4.776409591704472e-07,0.1010204081632653,4.84813681109536e-06,1605.838996818247,1.7961158848218544,0.0025284831316464895,0.001,21.426220375303956,0.001
1075.2991132200366,4.776409591704472e-07,0.12122448979591836,4.84813681109536e-06,1612.948669830055,1.809791936843466,0.002520960034749758,0.001,21.617666445980195,0.001
1080.1188302163214,4.776409591704472e-07,0.14142857142857143,4.84813681109536e-06,1620.178245324482,1.823894353288511,0.0025131278816038676,0.001,21.813226064212817,0.001
1085.0209807661606,4.776409591704472e-07,0.16163265306122448,4.84813681109536e-06,1627.5314711492408,1.8384469527834848,0.00250497047749621,0.001,22.01304587450894,0.001
1090.008180233226,4.776409591704472e-07,0.18183673469387754,4.84813681109536e-06,1635.0122703498391,1.8534755014773512,0.002496470446120409,0.001,22.217279869401448,0.001
1095.0831681469772,4.776409591704472e-07,0.2020408163265306,4.84813681109536e-06,1642.6247522204658,1.8690079252568885,0.0024876091207948047,0.001,22.42609017478661,0.001
1100.2488161604394,4.776409591704472e-07,0.22224489795918367,4.84813681109536e-06,1650.373224240659,1.885074551166265,0.002478366413189542,0.001,22.6396473457674,0.001
1105.5081366563493,4.776409591704472e-07,0.24244897959183673,4.84813681109536e-06,1658.2622049845238,1.901708382912134,0.0024687206715543267,0.001,22.85813103552887,0.001
1110.8642920662376,4.776409591704472e-07,0.2626530612244898,4.84813681109536e-06,1666.2964380993562,1.9189454163361028,0.002458648521223505,0.001,23.08173076042139,0.001
1116.3206049746802,4.776409591704472e-07,0.28285714285714286,4.84813681109536e-06,1674.4809074620205,1.9368250019363562,0.0024481246739055064,0.001,23.310646061222812,0.001
1121.8805690896452,4.776409591704472e-07,0.3030612244897959,4.84813681109536e-06,1682.8208536344678,1.9553902629911144,0.002437121733250696,0.001,23.545088096160498,0.001
1127.5478611698004,4.776409591704472e-07,0.32326530612244897,4.84813681109536e-06,1691.3217917547006,1.9746885797396596,0.0024256099489318216,0.001,23.7852798080303,0.001
1133.3263540109922,4.776409591704472e-07,0.34346938775510205,4.84813681109536e-06,1699.9895310164884,1.9947721523677389,0.0024135569503416286,0.001,24.03145703191848,0.001
1139.2201306071079,4.776409591704472e-07,0.3636734693877551,4.84813681109536e-06,1708.8301959106618,2.015698658518293,0.002400927440945084,0.001,24.2838697204058,0.001
1145.2334996154768,4.776409591704472e-07,0.38387755102040816,4.84813681109536e-06,1717.8502494232152,2.0375320247933817,0.0023876828364057523,0.001,24.542782598401693,0.001
1151.3710122741556,4.776409591704472e-07,0.4040816326530612,4.84813681109536e-06,1727.0565184112334,2.060343336493681,0.0023737808541510912,0.001,24.808476390000983,0.001
1157.6374809383012,4.776409591704472e-07,0.42428571428571427,4.84813681109536e-06,1736.456221407452,2.084211916036143,0.0023591750452483418,0.001,25.08124980544577,0.001
1164.0379994258049,4.776409591704472e-07,0.44448979591836735,4.84813681109536e-06,1746.0569991387072,2.1092266085398585,0.002343814224940948,0.001,25.361420072921053,0.001
1170.5779653890372,4.776409591704472e-07,0.4646938775510204,4.84813681109536e-06,1755.8669480835558,2.1354873235921956,0.0023276418269278965,0.001,25.649325055274442,0.001
1177.263104960601,4.776409591704472e-07,0.48489795918367345,4.84813681109536e-06,1765.8946574409013,2.1631068961851803,0.0023105951315630082,0.001,25.94532485893925,0.001
1184.0994999572292,4.776409591704472e-07,0.5051020408163265,4.84813681109536e-06,1776.1492499358437,2.192213348453006,0.0022926043540946643,0.001,26.24980385608388,0.001
1191.0936179684438,4.776409591704472e-07,0.5253061224489796,4.84813681109536e-06,1786.6404269526656,2.2229526590472033,0.002273591554346026,0.001,26.563172746515246,0.001
1198.252345706451,4.776409591704472e-07,0.5455102040816326,4.84813681109536e-06,1797.3785185596766,2.2554921813985573,0.0022534693294636227,0.001,26.885871039928773,0.001
1205.5830260526184,4.776409591704472e-07,0.5657142857142857,4.84813681109536e-06,1808.3745390789277,2.290024899735605,0.0022321392292746984,0.001,27.218369615566196,0.001
1213.0934993054518,4.776409591704472e-07,0.5859183673469388,4.84813681109536e-06,1819.6402489581776,2.3267747784444275,0.002209489831943345,0.001,27.56117430516189,0.001
1220.7921492177068,4.776409591704472e-07,0.6061224489795918,4.84813681109536e-06,1831.18822382656,2.366003555225295,0.0021853943524599937,0.001,27.914827984985088,0.001
1228.687954508841,4.776409591704472e-07,0.6263265306122449,4.84813681109536e-06,1843.0319317632614,2.4080194655326084,0.002159707710072555,0.001,28.27991607160294,0.001
1236.7905466570398,4.776409591704472e-07,0.6465306122448979,4.84813681109536e-06,1855.1858199855596,2.4531885871201977,0.0021322628025982333,0.001,28.65706919812377,0.001
1245.1102749169897,4.776409591704472e-07,0.666734693877551,4.84813681109536e-06,1867.6654123754845,2.5019497950298653,0.0021028658094206618,0.001,29.046969143138494,0.001
1253.658279680943,4.776409591704472e-07,0.6869387755102041,4.84813681109536e-06,1880.4874195214145,2.5548347783815055,0.00207129012243122,0.001,29.450353610884758,0.001
1262.4465755086285,4.776409591704472e-07,0.7071428571428571,4.84813681109536e-06,1893.6698632629427,2.6124952918379822,0.002037268435545326,0.001,29.868022915735143,0.001
1271.4881454051767,4.776409591704472e-07,0.7273469387755102,4.84813681109536e-06,1907.232218107765,2.675740973465544,0.002000482233132378,0.001,30.300846761753718,0.001
1280.797048237153,4.776409591704472e-07,0.7475510204081632,4.84813681109536e-06,1921.1955723557294,2.7455929772508596,0.0019605475772779806,0.001,30.74977234365645,0.001
1290.3885415600107,4.776409591704472e-07,0.7677551020408163,4.84813681109536e-06,1935.582812340016,2.8233619449744696,0.001916995473080541,0.001,31.215834040323752,0.001
1300.2792226054082,4.776409591704472e-07,0.7879591836734694,4.84813681109536e-06,1950.4188339081124,2.9107646604664446,0.0018692440479329056,0.001,31.700163562807994,0.001
1310.4871907695167,4.776409591704472e-07,0.8081632653061224,4.84813681109536e-06,1965.730786154275,3.0101045260776664,0.0018165580076345295,0.001,32.20400326815066,0.001
1321.0322356875906,4.776409591704472e-07,0.8283673469387755,4.84813681109536e-06,1981.5483535313858,3.1245620972220096,0.0017579874371255618,0.001,32.72871947486848,0.001
1331.936055920926,4.776409591704472e-07,0.8485714285714285,4.84813681109536e-06,1997.904083881389,3.258685742914052,0.0016922715818885924,0.001,33.275820595732355,0.001
1343.2225144805798,4.776409591704472e-07,0.8687755102040816,4.84813681109536e-06,2014.8337717208697,3.419270624992987,0.0016176795825698313,0.001,33.84697578724803,0.001
1354.9179389503997,4.776409591704472e-07,0.8889795918367347,4.84813681109536e-06,2032.3769084255996,3.6170552160056917,0.0015317294077567575,0.001,34.44403964715337,0.001
1367.0514759629607,4.776409591704472e-07,0.9091836734693878,4.84813681109536e-06,2050.577213944441,3.8703316034829736,0.0014306482436475078,0.001,35.06907925730971,0.001
1379.6555123825437,4.776409591704472e-07,0.9293877551020407,4.84813681109536e-06,2069.4832685738156,4.213733036953775,0.0013082102297463467,0.001,35.72440740705317,0.001
1392.766178978685,4.776409591704472e-07,0.9495918367346938,4.84813681109536e-06,2089.1492684680275,4.7243397555207105,0.001152771595666554,0.001,36.41262282973542,0.001
1406.4239569433541,4.776409591704472e-07,0.9697959183673469,4.84813681109536e-06,2109.6359354150313,5.630455096091281,0.00093724726338678,0.001,37.136657487270426,0.001
1420.6744137619098,4.776409591704472e-07,0.99,4.84813681109536e-06,2131.0116206428647,8.340805040346998,0.0005548023477015298,0.001,37.899832729835566,0.001
